-- phpMyAdmin SQL Dump
-- version 
-- http://www.phpmyadmin.net
--
-- Хост: mositong.mysql
-- Время создания: Фев 06 2017 г., 16:38
-- Версия сервера: 5.6.25-73.1
-- Версия PHP: 5.6.6

SET SQL_MODE = "NO_AUTO_VALUE_ON_ZERO";
SET time_zone = "+00:00";


/*!40101 SET @OLD_CHARACTER_SET_CLIENT=@@CHARACTER_SET_CLIENT */;
/*!40101 SET @OLD_CHARACTER_SET_RESULTS=@@CHARACTER_SET_RESULTS */;
/*!40101 SET @OLD_COLLATION_CONNECTION=@@COLLATION_CONNECTION */;
/*!40101 SET NAMES utf8 */;

--
-- База данных: `mositong_db`
--

-- --------------------------------------------------------

--
-- Структура таблицы `captcha`
--
-- Создание: Янв 30 2017 г., 13:09
--

DROP TABLE IF EXISTS `captcha`;
CREATE TABLE IF NOT EXISTS `captcha` (
  `id_captcha` int(11) unsigned NOT NULL,
  `date_create_unix` int(11) NOT NULL,
  `code` varchar(10) NOT NULL DEFAULT ''
) ENGINE=InnoDB AUTO_INCREMENT=148 DEFAULT CHARSET=utf8;

--
-- Дамп данных таблицы `captcha`
--

INSERT INTO `captcha` (`id_captcha`, `date_create_unix`, `code`) VALUES
(1, 1434105610, '066991'),
(2, 1434132279, '418822'),
(3, 1434132432, '084312'),
(4, 1435438005, '017908'),
(5, 1435438006, '249224'),
(6, 1435508015, '233020'),
(7, 1436129937, '143584'),
(8, 1436269002, '838755'),
(9, 1436269017, '354993'),
(10, 1436269041, '391773'),
(11, 1436275763, '672737'),
(12, 1436304329, '034371'),
(13, 1436403760, '529480'),
(14, 1436439708, '511592'),
(15, 1436440459, '328070'),
(16, 1436461531, '776733'),
(17, 1436462189, '991745'),
(18, 1436468223, '255225'),
(19, 1437229459, '308772'),
(20, 1438216309, '684335'),
(21, 1438530109, '787304'),
(22, 1438762017, '563307'),
(23, 1439190935, '888861'),
(24, 1439407507, '069795'),
(25, 1439546948, '125938'),
(26, 1439588461, '667798'),
(27, 1439697557, '246902'),
(28, 1439714017, '209034'),
(29, 1440115725, '413351'),
(30, 1440187634, '324904'),
(31, 1440188090, '264208'),
(32, 1440529263, '747396'),
(33, 1440670259, '195249'),
(34, 1441036845, '447078'),
(35, 1441195825, '239098'),
(36, 1441257024, '633052'),
(37, 1441803654, '351186'),
(38, 1441853713, '106671'),
(39, 1442164538, '777333'),
(40, 1442180564, '283230'),
(41, 1442197720, '906720'),
(42, 1442452911, '611561'),
(43, 1443042294, '419910'),
(44, 1443270239, '586793'),
(45, 1444235063, '094322'),
(46, 1444552842, '598050'),
(47, 1444606369, '339175'),
(48, 1444685884, '118620'),
(49, 1444866208, '988056'),
(50, 1445084323, '908589'),
(51, 1445093296, '793654'),
(52, 1445493031, '257604'),
(53, 1445739067, '722379'),
(54, 1446261302, '699774'),
(55, 1446869761, '316211'),
(56, 1447899490, '938114'),
(57, 1448543460, '528815'),
(58, 1448676288, '865287'),
(59, 1449154955, '826521'),
(60, 1449244246, '724957'),
(61, 1449417007, '525860'),
(62, 1449434915, '791284'),
(63, 1449675503, '215873'),
(64, 1449817361, '798715'),
(65, 1450012764, '723327'),
(66, 1450017094, '074078'),
(67, 1450157561, '003094'),
(68, 1450191940, '369019'),
(69, 1450261281, '881771'),
(70, 1450275534, '970566'),
(71, 1450369079, '961726'),
(72, 1450627815, '032796'),
(73, 1450777221, '820717'),
(74, 1451012127, '840993'),
(75, 1451701651, '778411'),
(76, 1451957991, '932122'),
(77, 1451967197, '385889'),
(78, 1452826869, '528304'),
(79, 1452907033, '814024'),
(80, 1453058958, '672837'),
(81, 1453074707, '331752'),
(82, 1453244791, '410091'),
(83, 1453345591, '542264'),
(84, 1453394599, '429374'),
(85, 1453484914, '920490'),
(86, 1454312635, '082297'),
(87, 1454355939, '887088'),
(88, 1455246435, '309889'),
(89, 1455404752, '697764'),
(90, 1455630621, '127377'),
(91, 1455653337, '687925'),
(92, 1455734622, '089988'),
(93, 1456078691, '667270'),
(94, 1456379462, '401257'),
(95, 1456379463, '336006'),
(96, 1456586497, '258329'),
(97, 1456640362, '030065'),
(98, 1457446207, '919566'),
(99, 1457465634, '141327'),
(100, 1457768199, '596171'),
(101, 1457781491, '520692'),
(102, 1457826218, '791043'),
(103, 1457850202, '518192'),
(104, 1458067111, '616042'),
(105, 1459417561, '878517'),
(106, 1460115920, '388684'),
(107, 1460404810, '234577'),
(108, 1460590862, '647504'),
(109, 1460657734, '711655'),
(110, 1460750240, '218857'),
(111, 1460953972, '186647'),
(112, 1461116857, '497260'),
(113, 1462657715, '383217'),
(114, 1462878625, '490435'),
(115, 1463070616, '343752'),
(116, 1463072948, '030862'),
(117, 1463289292, '605745'),
(118, 1464608156, '146617'),
(119, 1464617133, '241772'),
(120, 1464977856, '754298'),
(121, 1465224380, '922576'),
(122, 1465525539, '772811'),
(123, 1465652640, '227403'),
(124, 1465679659, '117083'),
(125, 1465835578, '943593'),
(126, 1465857737, '264081'),
(127, 1465976006, '613432'),
(128, 1466115819, '738861'),
(129, 1466137461, '284237'),
(130, 1466289913, '702350'),
(131, 1466507312, '489419'),
(132, 1467776106, '108973'),
(133, 1468220344, '527183'),
(134, 1468452315, '345457'),
(135, 1468547620, '344893'),
(136, 1468547622, '860972'),
(137, 1468554262, '713106'),
(138, 1468813252, '194406'),
(139, 1469163454, '478644'),
(140, 1469163455, '691531'),
(141, 1469181291, '507783'),
(142, 1469308386, '901055'),
(143, 1469619770, '464255'),
(144, 1469623635, '052227'),
(145, 1469693867, '730523'),
(146, 1469919881, '541950'),
(147, 1470036374, '797670');

-- --------------------------------------------------------

--
-- Структура таблицы `languages`
--
-- Создание: Янв 30 2017 г., 13:09
--

DROP TABLE IF EXISTS `languages`;
CREATE TABLE IF NOT EXISTS `languages` (
  `id_lang` int(11) unsigned NOT NULL,
  `lang_code` varchar(2) NOT NULL DEFAULT '',
  `lang_name` varchar(20) NOT NULL DEFAULT '',
  `lang_flag` varchar(255) NOT NULL DEFAULT '',
  `is_enabled` tinyint(1) NOT NULL DEFAULT '1',
  `is_protected` tinyint(1) NOT NULL DEFAULT '0',
  `is_domestic` tinyint(1) NOT NULL DEFAULT '0',
  `is_international` tinyint(1) NOT NULL DEFAULT '0',
  `is_admincp_avail` tinyint(1) NOT NULL DEFAULT '0'
) ENGINE=InnoDB AUTO_INCREMENT=6 DEFAULT CHARSET=utf8;

--
-- Дамп данных таблицы `languages`
--

INSERT INTO `languages` (`id_lang`, `lang_code`, `lang_name`, `lang_flag`, `is_enabled`, `is_protected`, `is_domestic`, `is_international`, `is_admincp_avail`) VALUES
(1, 'ru', 'Русский', '/images/flags/ru.gif', 0, 1, 0, 0, 1),
(2, 'en', 'English', '/images/flags/gb.gif', 0, 1, 0, 0, 1),
(3, 'cn', '简体', '/images/flags/cn.gif', 1, 0, 1, 0, 0),
(4, 'tw', '繁體', '/images/flags/tw.gif', 1, 0, 0, 1, 0),
(5, 'zh', '粵語', '', 0, 0, 0, 0, 0);

-- --------------------------------------------------------

--
-- Структура таблицы `language_const`
--
-- Создание: Янв 30 2017 г., 13:09
--

DROP TABLE IF EXISTS `language_const`;
CREATE TABLE IF NOT EXISTS `language_const` (
  `id_const` int(11) unsigned NOT NULL,
  `const_code` varchar(50) NOT NULL DEFAULT ''
) ENGINE=InnoDB AUTO_INCREMENT=161 DEFAULT CHARSET=utf8;

--
-- Дамп данных таблицы `language_const`
--

INSERT INTO `language_const` (`id_const`, `const_code`) VALUES
(156, 'admin'),
(1, 'admin-cp'),
(157, 'admin-rights'),
(2, 'auth-error'),
(81, 'branch'),
(3, 'brand'),
(4, 'cancel'),
(5, 'captcha-enter'),
(6, 'captcha-error'),
(7, 'captcha-help'),
(8, 'change-password'),
(135, 'choose'),
(121, 'code'),
(83, 'commit'),
(160, 'confirm-change-permissions'),
(110, 'confirm-image-remove'),
(150, 'confirm-lang-const-remove'),
(144, 'confirm-language-remove'),
(111, 'confirm-menu-remove'),
(92, 'confirm-page-remove'),
(123, 'confirm-style-remove'),
(133, 'confirm-template-remove'),
(159, 'confirm-user-remove'),
(107, 'contains'),
(93, 'description'),
(98, 'do-not-use'),
(141, 'domestic'),
(115, 'dropdown-right'),
(113, 'element'),
(9, 'email'),
(10, 'email-sent'),
(104, 'enable-translation'),
(140, 'enabled'),
(11, 'error'),
(12, 'error-email-empty'),
(97, 'error-file-or-directory-exists'),
(145, 'error-lang-code-exists'),
(146, 'error-lang-const-code-exists'),
(147, 'error-language-protected'),
(13, 'error-message'),
(14, 'error-message-empty'),
(15, 'error-name-empty'),
(95, 'error-page-url-exists'),
(152, 'error-setting-hidden'),
(126, 'error-smth-not-specified'),
(125, 'error-style-code-exists'),
(134, 'error-template-code-exists'),
(96, 'error-url-not-specified'),
(88, 'extensions'),
(66, 'feedback-link'),
(139, 'flag'),
(148, 'flag-help'),
(86, 'host'),
(85, 'hosting'),
(16, 'id-and-key-error'),
(77, 'images'),
(155, 'insert-thumbnail'),
(142, 'international'),
(17, 'key-error'),
(94, 'keywords'),
(75, 'lang-consts'),
(103, 'language'),
(74, 'languages'),
(84, 'last-changes'),
(124, 'link'),
(127, 'link-to-css'),
(128, 'link-to-css-help'),
(109, 'load-more'),
(18, 'login'),
(19, 'logout'),
(71, 'menu'),
(20, 'message'),
(67, 'message-from'),
(21, 'name'),
(116, 'new-element'),
(149, 'new-lang-const'),
(138, 'new-language'),
(89, 'new-page'),
(22, 'new-password'),
(120, 'new-style'),
(132, 'new-template'),
(158, 'new-user'),
(117, 'no-parent'),
(129, 'or'),
(114, 'ordering'),
(99, 'override-active-link'),
(100, 'override-active-link-help'),
(118, 'page'),
(70, 'pages'),
(112, 'parent'),
(23, 'password'),
(24, 'password-changed'),
(25, 'password-changed-email'),
(26, 'password-length-error'),
(27, 'password-really-changed'),
(28, 'password-recovery'),
(143, 'protected'),
(29, 'quick-edit'),
(30, 'recover-password'),
(31, 'recovery-email-link'),
(32, 'recovery-email-notice'),
(33, 'recovery-email-sent'),
(34, 'recovery-form-notice'),
(35, 'recovery-key'),
(36, 'recovery-request'),
(37, 'recovery-start-info'),
(38, 'redirect'),
(39, 'redirect-help'),
(40, 'register'),
(41, 'register-email'),
(42, 'register-error'),
(43, 'remember-your-password'),
(44, 'remove'),
(87, 'root-path'),
(108, 'save'),
(64, 'search'),
(65, 'search-results-for'),
(153, 'select-files'),
(79, 'self-update'),
(80, 'self-update-warning'),
(45, 'send-me-recovery'),
(46, 'set-new-password'),
(76, 'settings'),
(136, 'several'),
(130, 'style-text'),
(131, 'style-text-help'),
(72, 'styles'),
(91, 'template'),
(137, 'template-constants-help'),
(73, 'templates'),
(119, 'text'),
(90, 'title'),
(106, 'title-long'),
(105, 'title-short'),
(69, 'translation-missing'),
(68, 'translation-missing-title'),
(122, 'type'),
(154, 'upload'),
(101, 'use-affix'),
(102, 'use-affix-help'),
(47, 'user-not-found-error'),
(78, 'users'),
(151, 'value'),
(82, 'version'),
(48, 'your-id'),
(49, 'your-key');

-- --------------------------------------------------------

--
-- Структура таблицы `language_trans`
--
-- Создание: Янв 30 2017 г., 13:09
--

DROP TABLE IF EXISTS `language_trans`;
CREATE TABLE IF NOT EXISTS `language_trans` (
  `id_trans` int(11) unsigned NOT NULL,
  `lang_id` int(10) unsigned NOT NULL,
  `const_id` int(10) unsigned NOT NULL,
  `trans_value` varchar(500) NOT NULL DEFAULT ''
) ENGINE=InnoDB AUTO_INCREMENT=528 DEFAULT CHARSET=utf8;

--
-- Дамп данных таблицы `language_trans`
--

INSERT INTO `language_trans` (`id_trans`, `lang_id`, `const_id`, `trans_value`) VALUES
(1, 1, 3, '[БРЕНД]'),
(2, 1, 8, 'Сменить пароль'),
(3, 1, 19, 'Выход'),
(4, 1, 18, 'Вход'),
(5, 1, 9, 'EMail'),
(6, 1, 23, 'Пароль'),
(7, 1, 30, 'Я не помню пароль'),
(8, 1, 38, 'Перенаправление'),
(9, 1, 39, 'Нажмите сюда, если ничего не происходит'),
(10, 1, 5, 'Введите код безопасности'),
(11, 1, 7, 'Для предотвращения спама необходимо ввести цифровой код, изображенный на картинке, чтобы подтвердить, что вы являетесь человеком, а не роботом.'),
(12, 1, 20, 'Сообщение'),
(13, 1, 2, 'Ошибка авторизации'),
(14, 1, 16, 'ID и Ключ должны быть введены'),
(15, 1, 26, 'Пароль должен быть не короче 6 символов'),
(16, 1, 6, 'Код безопасности введен неправильно'),
(17, 1, 47, 'Пользователь не найден'),
(18, 1, 11, 'Ошибка'),
(19, 1, 1, 'Админ центр'),
(20, 1, 13, 'Сообщение об ошибке'),
(21, 1, 29, 'Исправить'),
(22, 1, 44, 'Удалить'),
(23, 1, 21, 'Имя'),
(24, 1, 4, 'Отмена'),
(25, 1, 41, '<p>Мы благодарим вас за регистрацию. Мы заботимся о вашей конфиденциальности. Вход на сайт осуществляется по email адресу и введённому вами паролю. Пароль всегда можно восстановить или изменить.</p><p>Авторизация необходима для совершения заказов на сайте. В вашем распоряжении персональная адресная книга, с помощью которой вы сможете делать заказы для себя и своих знакомых, а также дарить полезные подарки друзьям.</p>'),
(26, 1, 40, 'Регистрация'),
(27, 1, 42, 'Ошибка регистрации'),
(28, 1, 10, 'Письмо отправлено'),
(29, 1, 33, 'Письмо с рекзивитами для восстановления пароля было успешно отправлено на учетный адрес. Реквизиты действительны до конца сегодняшнего дня'),
(30, 1, 32, 'Была запрошена возможность восстановления забытого пароля по вашему email. Если вы НЕ запрашивали восстановления пароля, просто проигнорируйте и удалите это письмо. Если вы действительно запросили восстановление пароля, высылаем вам реквизиты для завершения этой операции.'),
(31, 1, 35, 'Ключ'),
(32, 1, 31, 'Обратите внимание - этот ключ действителен до конца сегодняшнего дня. Чтобы восстановить пароль, пройдите по следующей ссылке и введите требуемые реквизиты в форму.'),
(33, 1, 28, 'Восстановление пароля'),
(34, 1, 34, 'Вы должны были получить письмо с указанием реквизитов восстановления пароля. В этом письме указаны ваш ID и Ключ. Введите пожалуйста эти данные, а также НОВЫЙ пароль, который вы хотите присвоить своей учетной записи, который должен быть НЕ КОРОЧЕ 6 символов.'),
(35, 1, 48, 'Ваш ID'),
(36, 1, 49, 'Ваш Ключ'),
(37, 1, 22, 'НОВЫЙ пароль'),
(38, 1, 46, 'Задать новый пароль'),
(39, 1, 37, 'Если вы забыли свой пароль, вы можете воспользоваться этой формой для восстановления. Чтобы восстановить пароль, введите пожалуйста свой email. После отправки этой формы, система вышлет письмо на ваш учетный email адрес с инструкцией для задания нового пароля вашей учетной записи. Инструкция для восстановления пароля действительна до конца сегодняшнего дня.'),
(40, 1, 45, 'Выслать данные на почту'),
(41, 1, 24, 'Пароль к вашей учетной записи был успешно изменен.'),
(42, 1, 43, 'Запомните ваш пароль, проверьте возможность входа на сайт.'),
(43, 1, 25, 'Пароль изменен'),
(44, 1, 36, 'Запрос на восстановление пароля'),
(45, 1, 27, 'Пароль был успешно изменен. Уведомляющее письмо отправлено на ваш учетный адрес.'),
(46, 1, 17, 'Ключ неверен'),
(47, 1, 14, 'Вы ничего не написали'),
(48, 1, 15, 'Вы не ввели имя'),
(49, 1, 12, 'Вы не ввели email'),
(64, 2, 3, '[BRAND]'),
(65, 2, 8, 'Change password'),
(66, 2, 19, 'Logout'),
(67, 2, 18, 'Login'),
(68, 2, 9, 'EMail'),
(69, 2, 23, 'Password'),
(70, 2, 30, 'Recover password'),
(71, 2, 38, 'Redirecting'),
(72, 2, 39, 'Click here if nothing happens'),
(73, 2, 5, 'Enter the security code'),
(74, 2, 7, 'To prevent spam you have to enter numbers from this picture to make us sure you are not a robot.'),
(75, 2, 20, 'Message'),
(76, 2, 2, 'Authentication error'),
(77, 2, 16, 'ID and Key have to be entered'),
(78, 2, 26, 'Password have to be 6 or more chars of length'),
(79, 2, 6, 'Security code is invalid'),
(80, 2, 47, 'User not found'),
(81, 2, 11, 'Error'),
(82, 2, 1, 'Admin CP'),
(83, 2, 13, 'Error message'),
(84, 2, 29, 'Edit'),
(85, 2, 44, 'Remove'),
(86, 2, 21, 'Name'),
(87, 2, 4, 'Cancel'),
(88, 2, 41, '<p>Thank you for registering. We take care of your privacy. Sign in is implemented with email address and password you entered. Password can always be recovered or changed.</p><p>Authorization is required to perform orders on the website. There is a personal address book, with which you can place orders for you and your friends, and also to give useful gifts.</p>'),
(89, 2, 40, 'Registration'),
(90, 2, 42, 'Registration error'),
(91, 2, 10, 'Email sent'),
(92, 2, 33, 'The email with password recovery information sent. It is valid until the day ends.'),
(93, 2, 32, 'There was requested the ability to recover a forgotten password for your email. If you are not requested for password recovery, just ignore and delete this email. If you really asked for password recovery, we send you details to complete this operation.'),
(94, 2, 35, 'Key'),
(95, 2, 31, 'Please note that this key is valid until the end of the day. To recover the password, go to the following link and enter the required details in the form.'),
(96, 2, 28, 'Password recovery'),
(97, 2, 34, 'You should have received a email with details of password recovery. In this email are indicated your ID and Key. Please enter the data, and the new password you want to assign to your account, which must be at least 6 characters.'),
(98, 2, 48, 'Account ID'),
(99, 2, 49, 'Account Key'),
(100, 2, 22, 'NEW password'),
(101, 2, 46, 'Set new password'),
(102, 2, 37, 'If you have forgotten your password, you can use this form to recover. To recover your password, please enter your email.\nAfter submitting this form, the system will send an email with instructions to set a new password for your account. Instructions to reset your password are valid until the end of the day.'),
(103, 2, 45, 'Recover my password'),
(104, 2, 24, 'Your account password has been changed.'),
(105, 2, 43, 'Please remember your password.'),
(106, 2, 25, 'Password changed'),
(107, 2, 36, 'Password recovery request'),
(108, 2, 27, 'Account password changed. Notification to your email sent.'),
(109, 2, 17, 'Account key is invalid'),
(110, 2, 14, 'You did not write anything'),
(111, 2, 15, 'You did not enter your name'),
(112, 2, 12, 'You did not enter your email'),
(128, 3, 8, '更改密码'),
(131, 3, 9, '的EMail'),
(132, 3, 23, '密码'),
(133, 3, 30, '我不记得密码'),
(134, 3, 38, '改道'),
(135, 3, 39, '点击这里，如果什么也没发生'),
(136, 3, 5, '输入安全码'),
(137, 3, 7, '为了防止垃圾邮件，你必须输入图像中显示，以确认你是一个人，不是机器人的数字代码。'),
(138, 3, 20, '信息'),
(139, 3, 2, '授权错误'),
(140, 3, 16, 'ID和密钥必须输入'),
(141, 3, 26, '密码必须至少6个字符'),
(142, 3, 6, '安全码输入不正确'),
(143, 3, 47, '用户未找到'),
(144, 3, 11, '错误'),
(145, 3, 1, 'Admin page'),
(146, 3, 13, '错误消息'),
(147, 3, 29, '正确'),
(148, 3, 44, '拆除'),
(149, 3, 21, '名字'),
(151, 3, 41, '<p>感谢您注册。我们关心您的隐私。登录是通过电子邮件地址和密码，您输入。密码可以随时恢复或更改。</p><p>授权需要订货在线。有个人地址簿，与您可以预订自己和朋友，以及对提供有用的礼物给朋友。</p>'),
(152, 3, 40, '注册'),
(153, 3, 42, '注册错误'),
(154, 3, 10, '信发'),
(155, 3, 33, '信与细节，以恢复您的密码已发送到会计的地址。详细信息有效，直到一天结束'),
(156, 3, 32, '它要求在您的电子邮件恢复忘记的密码的功能。如果您没有申请新的密码，或者干脆忽略并删除该邮件。如果你真的问密码恢复，将发送给您的详细信息来完成此操作。'),
(157, 3, 35, '关键'),
(158, 3, 31, '注意 - 此键是有效的，直到一天结束。要恢复您的密码，进入以下链接，并在下面的表格中输入所需的详细信息。'),
(159, 3, 28, '密码恢复'),
(160, 3, 34, '您应该已经收到密码恢复的细节的信。在信中，包括你的ID和密钥。请输入数据，以及新的密码要分配到您的帐户必须至少是6个字符。'),
(161, 3, 48, '你的ID'),
(162, 3, 49, '你的关键'),
(163, 3, 22, '新密码'),
(164, 3, 46, '提出一个新的密码'),
(165, 3, 37, '如果您忘记了密码，你可以用这种形式来恢复。要恢复您的密码，请输入您的电子邮件。提交此表后，系统会发邮件到您的电子邮件地址核算说明设置您的帐户的新密码。用户密码恢复是有效的，直到一天结束。'),
(166, 3, 45, '发送信息到邮局'),
(167, 3, 24, '为您的帐户密码已被更改成功。'),
(168, 3, 43, '请记住您的密码，验证您可以访问该网站。'),
(169, 3, 25, '密码已更改'),
(170, 3, 36, '索取密码恢复'),
(171, 3, 27, '密码更改成功。该通知信发送到您的名册的地址。'),
(172, 3, 17, '关键是无效的'),
(173, 3, 14, '您还没有写任何东西'),
(174, 3, 15, '您没有输入一个名称'),
(175, 3, 12, '您没有输入电子邮件'),
(191, 4, 8, '更改密碼'),
(194, 4, 9, '的EMail'),
(195, 4, 23, '密碼'),
(196, 4, 30, '我不記得密碼'),
(197, 4, 38, '改道'),
(198, 4, 39, '點擊這裡，如果什麼也沒發生'),
(199, 4, 5, '輸入安全碼'),
(200, 4, 7, '為了防止垃圾郵件，你必須輸入圖像中顯示，以確認你是一個人，不是機器人的數字代碼。'),
(201, 4, 20, '信息'),
(202, 4, 2, '授權錯誤'),
(203, 4, 16, 'ID和密鑰必須輸入'),
(204, 4, 26, '密碼必須至少6個字符'),
(205, 4, 6, '安全碼輸入不正確'),
(206, 4, 47, '用戶未找到'),
(207, 4, 11, '錯誤'),
(208, 4, 1, 'Admin page'),
(209, 4, 13, '錯誤消息'),
(210, 4, 29, '正確'),
(211, 4, 44, '拆除'),
(212, 4, 21, '名字'),
(214, 4, 41, '<p>感謝您註冊。我們關心您的隱私。登錄是通過電子郵件地址和密碼，您輸入。密碼可以隨時恢復或更改。</p> <p>授權需要訂貨在線。有個人地址簿，與您可以預訂自己和朋友，以及對提供有用的禮物給朋友。</p>'),
(215, 4, 40, '註冊'),
(216, 4, 42, '註冊錯誤'),
(217, 4, 10, '信發'),
(218, 4, 33, '信與細節，以恢復您的密碼已發送到會計的地址。詳細信息有效，直到一天結束'),
(219, 4, 32, '它要求在您的電子郵件恢復忘記的密碼的功能。如果您沒有申請新的密碼，或者乾脆忽略並刪除該郵件。如果你真的問密碼恢復，將發送給您的詳細信息來完成此操作。'),
(220, 4, 35, '關鍵'),
(221, 4, 31, '注意 - 此鍵是有效的，直到一天結束。要恢復您的密碼，進入以下鏈接，並在下面的表格中輸入所需的詳細信息。'),
(222, 4, 28, '密碼恢復'),
(223, 4, 34, '您應該已經收到密碼恢復的細節的信。在信中，包括你的ID和密鑰。請輸入數據，以及新的密碼要分配到您的帳戶必須至少是6個字符。'),
(224, 4, 48, '你的ID'),
(225, 4, 49, '你的關鍵'),
(226, 4, 22, '新密碼'),
(227, 4, 46, '提出一個新的密碼'),
(228, 4, 37, '如果您忘記了密碼，你可以用這種形式來恢復。要恢復您的密碼，請輸入您的電子郵件。提交此表後，系統會發郵件到您的電子郵件地址核算說明設置您的帳戶的新密碼。用戶密碼恢復是有效的，直到一天結束。'),
(229, 4, 45, '發送信息到郵局'),
(230, 4, 24, '為您的帳戶密碼已被更改成功。'),
(231, 4, 43, '請記住您的密碼，驗證您可以訪問該網站。'),
(232, 4, 25, '密碼已更改'),
(233, 4, 36, '索取密碼恢復'),
(234, 4, 27, '密碼更改成功。該通知信發送到您的名冊的地址。'),
(235, 4, 17, '關鍵是無效的'),
(236, 4, 14, '您還沒有寫任何東西'),
(237, 4, 15, '您沒有輸入一個名稱'),
(238, 4, 12, '您沒有輸入電子郵件'),
(253, 1, 64, 'Поиск'),
(254, 2, 64, 'Search'),
(255, 3, 64, '搜索'),
(256, 4, 64, '搜索'),
(257, 1, 65, 'Результаты поиска для'),
(258, 2, 65, 'Search results for'),
(259, 1, 66, 'Обратная связь'),
(260, 2, 66, 'Feedback'),
(261, 1, 67, 'Сообщение от'),
(262, 2, 67, 'Message from'),
(263, 3, 3, '莫斯通'),
(264, 4, 3, '莫斯通'),
(265, 3, 4, '取消'),
(266, 4, 4, '取消'),
(267, 3, 18, '登录'),
(268, 4, 18, '登錄'),
(269, 3, 19, '登出'),
(270, 4, 19, '登出'),
(271, 1, 68, 'Извините, перевод отсутствует'),
(272, 2, 68, 'Sorry, translation missing'),
(273, 1, 69, 'Перевод этой страницы на выбранном вами языке отсутствует &mdash; показан перевод на другом языке.'),
(274, 2, 69, 'Page translation in selected language is not available &mdash; another translation shown.'),
(275, 1, 70, 'Страницы'),
(276, 2, 70, 'Pages'),
(277, 1, 71, 'Меню'),
(278, 2, 71, 'Menu'),
(279, 1, 72, 'Стили'),
(280, 2, 72, 'Styles'),
(281, 1, 73, 'Шаблоны'),
(282, 2, 73, 'Templates'),
(283, 1, 74, 'Языки'),
(284, 2, 74, 'Languages'),
(285, 1, 75, 'Языковые константы'),
(286, 2, 75, 'Language constants'),
(287, 1, 76, 'Настройки'),
(288, 2, 76, 'Settings'),
(289, 1, 77, 'Изображения'),
(290, 2, 77, 'Images'),
(291, 1, 78, 'Пользователи'),
(292, 2, 78, 'Users'),
(293, 1, 79, 'Обновление'),
(294, 2, 79, 'Self update'),
(295, 1, 80, 'ВНИМАНИЕ: Это действие может повлечь конфликты, если ваши файлы были изменены. Вы можете отменить это с помощью команды: git merge --abort. Вы уверены, что хотите продолжить?'),
(296, 2, 80, 'WARNING: This action may cause some conflicts if your files were changed. You can undo this action with command: git merge --abort. Are you sure you want to continue?'),
(297, 1, 81, 'Ветка'),
(298, 2, 81, 'Branch'),
(299, 1, 82, 'Версия'),
(300, 2, 82, 'Version'),
(301, 1, 83, 'Коммит'),
(302, 2, 83, 'Commit'),
(303, 1, 84, 'Последние изменения'),
(304, 2, 84, 'Last changes'),
(305, 1, 85, 'Хостинг'),
(306, 2, 85, 'Hosting'),
(307, 1, 86, 'Хост'),
(308, 2, 86, 'Host'),
(309, 1, 87, 'Путь'),
(310, 2, 87, 'Root path'),
(311, 1, 88, 'Расширения'),
(312, 2, 88, 'Extensions'),
(313, 1, 89, 'Новая страница'),
(314, 2, 89, 'New page'),
(316, 1, 90, 'Заголовок'),
(317, 2, 90, 'Title'),
(319, 1, 91, 'Шаблон'),
(320, 2, 91, 'Template'),
(322, 1, 92, 'Вы действительно хотите удалить эту страницу?'),
(323, 2, 92, 'Are you sure you want to remove this page?'),
(325, 1, 93, 'Описание'),
(326, 2, 93, 'Description'),
(328, 1, 94, 'Слова'),
(329, 2, 94, 'Keywords'),
(331, 1, 95, 'Страница с таким URL уже существует'),
(332, 2, 95, 'Page with this URL is already exists'),
(334, 1, 96, 'URL не указан'),
(335, 2, 96, 'URL not specified'),
(337, 1, 97, 'Файл или каталог с таким именем уже существует'),
(338, 2, 97, 'File or directory already exists'),
(340, 1, 98, '-не использовать-'),
(341, 2, 98, '-do not use-'),
(343, 1, 99, 'Переопределение активного пункта меню'),
(344, 2, 99, 'Override active menu item'),
(346, 1, 100, 'Если данная страница не входит в главное меню, то можно установить значение активного пункта меню при её просмотре. Данная настройка имеет приоритет над меню.'),
(347, 2, 100, 'If main menu does not include this page, you can set an active menu item for it. This feature has a priority over main menu settings.'),
(349, 1, 101, 'Использовать оглавление'),
(350, 2, 101, 'Use affixed table of contents'),
(352, 1, 102, 'Оглавление создаётся автоматически на основе анализа вложенности заголовков содержимого страницы.'),
(353, 2, 102, 'Table of contents will be generated automatically by analysis of text headers hierarchy.'),
(355, 1, 103, 'Язык'),
(356, 2, 103, 'Language'),
(358, 1, 104, 'Задействовать этот перевод страницы'),
(359, 2, 104, 'Enable this translation'),
(361, 1, 105, 'Заголовок короткий'),
(362, 2, 105, 'Short title'),
(364, 1, 106, 'Заголовок длинный'),
(365, 2, 106, 'Long title'),
(367, 1, 107, 'Содержимое'),
(368, 2, 107, 'Content'),
(370, 1, 108, 'Сохранить'),
(371, 2, 108, 'Save'),
(373, 1, 109, 'Загрузить ещё'),
(374, 2, 109, 'Load more'),
(376, 1, 110, 'Удалить это изображение?'),
(377, 2, 110, 'Remove this image?'),
(379, 1, 111, 'Удалить элемент меню?'),
(380, 2, 111, 'Remove menu element?'),
(382, 1, 112, 'Родитель'),
(383, 2, 112, 'Parent'),
(385, 1, 113, 'Элемент'),
(386, 2, 113, 'Element'),
(388, 1, 114, 'Сортировка'),
(389, 2, 114, 'Order'),
(391, 1, 115, 'Выпадает справа'),
(392, 2, 115, 'Dropdown right'),
(394, 1, 116, 'Новый элемент'),
(395, 2, 116, 'New element'),
(397, 1, 117, '-без родителя-'),
(398, 2, 117, '-no parent-'),
(400, 1, 118, 'Страница'),
(401, 2, 118, 'Page'),
(403, 1, 119, 'Текст'),
(404, 2, 119, 'Text'),
(406, 1, 120, 'Новый стиль'),
(407, 2, 120, 'New style'),
(409, 1, 121, 'Код'),
(410, 2, 121, 'Code'),
(412, 1, 122, 'Тип'),
(413, 2, 122, 'Type'),
(415, 1, 123, 'Удалить этот стиль?'),
(416, 2, 123, 'Remove this style?'),
(418, 1, 124, 'Ссылка'),
(419, 2, 124, 'Link'),
(421, 1, 125, 'Этот код стиля уже существует'),
(422, 2, 125, 'This style code is already exists'),
(424, 1, 126, 'аргумент не определён'),
(425, 2, 126, 'argument not specified'),
(427, 1, 127, 'Ссылка на файл CSS'),
(428, 2, 127, 'Link to CSS file'),
(430, 1, 128, 'Ссылка имеет приоритет: если это поле заполнено, то ссылка используется вместо текста стиля.'),
(431, 2, 128, 'Link has a priority: if this field is not empty, then link is used instead of style text.'),
(433, 1, 129, 'или'),
(434, 2, 129, 'or'),
(436, 1, 130, 'Текст стиля'),
(437, 2, 130, 'Style text'),
(439, 1, 131, 'Опишите используемые классы. Теги &lt;style&gt; не нужны. Ссылка должна быть пустой для использования текста.'),
(440, 2, 131, 'Declare your classes. Tags &lt;style&gt; are not required. Style link have to be empty to use this text.'),
(442, 1, 132, 'Новый шаблон'),
(443, 2, 132, 'New template'),
(445, 1, 133, 'Удалить этот шаблон?'),
(446, 2, 133, 'Remove this template?'),
(448, 1, 134, 'Шаблон с таким кодом уже существует'),
(449, 2, 134, 'Template with this code is already exists'),
(451, 1, 135, 'Выберите'),
(452, 2, 135, 'Choose'),
(454, 1, 136, 'Несколько'),
(455, 2, 136, 'Several'),
(457, 1, 137, 'Доступно использование переменных шаблонов'),
(458, 2, 137, 'Use can use template snippets'),
(460, 1, 138, 'Новый язык'),
(461, 2, 138, 'New language'),
(463, 1, 139, 'Флаг'),
(464, 2, 139, 'Flag'),
(466, 1, 140, 'Включено'),
(467, 2, 140, 'Enabled'),
(469, 1, 141, 'Локальный'),
(470, 2, 141, 'Domestic'),
(472, 1, 142, 'Международный'),
(473, 2, 142, 'International'),
(475, 1, 143, 'Защита'),
(476, 2, 143, 'Protected'),
(478, 1, 145, 'Язык с таким кодом уже существует'),
(479, 2, 145, 'Language with this code is already exists'),
(481, 1, 146, 'Языковая константа с таким кодом уже существует'),
(482, 2, 146, 'Language constant with this code is already exists'),
(484, 1, 144, 'Удалить этот язык?'),
(485, 2, 144, 'Remove this language?'),
(487, 1, 147, 'Вы не можете редактировать защищённый язык'),
(488, 2, 147, 'You can not edit protected language'),
(490, 1, 148, 'Укажите относительный путь к маленькой картинке флага, например /images/flags/gb.gif'),
(491, 2, 148, 'Specify the relative path to small flag image, like /images/flags/gb.gif'),
(493, 1, 149, 'Новая константа'),
(494, 2, 149, 'New constant'),
(496, 1, 150, 'Удалить эту константу?'),
(497, 2, 150, 'Remove this constant?'),
(499, 1, 151, 'Значение'),
(500, 2, 151, 'Value'),
(502, 1, 152, 'Вы не можете редактировать скрытую настройку.'),
(503, 2, 152, 'You can not edit hidden setting.'),
(505, 1, 153, 'Выбрать файлы'),
(506, 2, 153, 'Select files'),
(508, 1, 154, 'Загрузить'),
(509, 2, 154, 'Upload'),
(511, 1, 155, 'Вставлять как эскиз'),
(512, 2, 155, 'Insert as thumbnail'),
(514, 1, 156, 'Администратор'),
(515, 2, 156, 'Administrator'),
(517, 1, 157, 'Права администратора'),
(518, 2, 157, 'Administrator rights'),
(520, 1, 158, 'Новый пользователь'),
(521, 2, 158, 'New user'),
(523, 1, 159, 'Удалить этого пользователя?'),
(524, 2, 159, 'Remove this user?'),
(526, 1, 160, 'Изменить права доступа этому пользователю?'),
(527, 2, 160, 'Change permissions for this user?');

-- --------------------------------------------------------

--
-- Структура таблицы `menu`
--
-- Создание: Янв 30 2017 г., 13:09
--

DROP TABLE IF EXISTS `menu`;
CREATE TABLE IF NOT EXISTS `menu` (
  `id_link` int(11) unsigned NOT NULL,
  `parent_link_id` int(10) unsigned DEFAULT NULL,
  `link_page_id` int(10) unsigned DEFAULT NULL,
  `link_title_short` varchar(50) DEFAULT NULL,
  `link_ordering` int(11) NOT NULL DEFAULT '0',
  `is_dropdown_right` tinyint(1) NOT NULL DEFAULT '0'
) ENGINE=InnoDB AUTO_INCREMENT=72 DEFAULT CHARSET=utf8;

--
-- Дамп данных таблицы `menu`
--

INSERT INTO `menu` (`id_link`, `parent_link_id`, `link_page_id`, `link_title_short`, `link_ordering`, `is_dropdown_right`) VALUES
(8, NULL, 1, NULL, 0, 0),
(20, NULL, 6, NULL, 1, 0),
(37, 20, 17, NULL, 1, 0),
(38, 20, 18, NULL, 2, 0),
(54, NULL, 44, NULL, 3, 0),
(56, NULL, 8, NULL, 7, 0),
(60, NULL, 82, NULL, 2, 0),
(61, 60, 79, NULL, 0, 0),
(62, 60, 80, NULL, 1, 0),
(63, 60, 81, NULL, 2, 0),
(64, 60, 42, NULL, 3, 0),
(65, NULL, 83, NULL, 4, 0),
(66, NULL, 87, NULL, 5, 0),
(67, NULL, 88, NULL, 6, 0),
(68, NULL, 89, NULL, 8, 0),
(69, 65, 84, NULL, 0, 0),
(70, 65, 85, NULL, 1, 0),
(71, 65, 86, NULL, 2, 0);

-- --------------------------------------------------------

--
-- Структура таблицы `migration`
--
-- Создание: Янв 30 2017 г., 13:09
--

DROP TABLE IF EXISTS `migration`;
CREATE TABLE IF NOT EXISTS `migration` (
  `id_migration` int(11) unsigned NOT NULL,
  `migration_timestamp` int(11) NOT NULL,
  `executed_file` varchar(255) NOT NULL DEFAULT '',
  `executed_at` int(11) NOT NULL,
  `snapshot_file` varchar(255) NOT NULL DEFAULT '',
  `commit` varchar(50) NOT NULL DEFAULT ''
) ENGINE=InnoDB AUTO_INCREMENT=26 DEFAULT CHARSET=utf8;

--
-- Дамп данных таблицы `migration`
--

INSERT INTO `migration` (`id_migration`, `migration_timestamp`, `executed_file`, `executed_at`, `snapshot_file`, `commit`) VALUES
(1, 20150708, '20150708.sql', 1436609559, '1436609558.sql', ''),
(2, 20150714, '20150714.sql', 1436991258, '1436991257.sql', ''),
(3, 20150716, '20150716.sql', 1437327023, '1437327021.sql', ''),
(4, 20150720, '20150720.sql', 1437424879, '1437424878.sql', ''),
(5, 20150721, '20150721.sql', 1437590781, '1437590780.sql', ''),
(6, 20150722, '20150722.sql', 1437590782, '1437590780.sql', ''),
(7, 20150808, '20150808.sql', 1439068052, '1439068051.sql', '7a2693f1f05b374910060564a45e61e5d0530414'),
(8, 20150809, '20150809.sql', 1439115376, '1439115375.sql', '4d18d5b8b464cbc1a36c2d6569534cdce566bb07'),
(9, 20150817, '20150817.sql', 1439910184, '1439910182.sql', '07ade82d9e2a177b7ebb28cbebebedf68acd1aae'),
(10, 20150818, '20150818.sql', 1439970983, '1439970981.sql', '979ca51a2454783d95ed760f38dfa845066f4e77'),
(11, 20150819, '20150819.sql', 1439970983, '1439970981.sql', '979ca51a2454783d95ed760f38dfa845066f4e77'),
(12, 20150820, '20150820.sql', 1440135412, '1440135412.sql', '3448eb5c9b204f0c122d494c4fe861cddf585757'),
(13, 20150822, '20150822.sql', 1440261127, '1440261127.sql', 'abc7d82332ab2b8c86a19acd9ef896ecb818e95d'),
(14, 20150826, '20150826.sql', 1440780365, '1440780364.sql', '027d483b392fbb45000a73bb3a0c8f3cde135a47'),
(15, 20150918, '20150918.sql', 1442684766, '1442684766.sql', '853b57096df9c3eb9ddeb865e31e3b60eadc13b4'),
(16, 20150920, '20150920.sql', 1442781948, '1442781948.sql', '589143bc88f8c9f064c968767a7256351358f226'),
(17, 20150926, '20150926.sql', 1444082174, '1444082174.sql', 'd212f233316875b12f0d4fd700cadcca461c8f40'),
(18, 20150927, '20150927.sql', 1444082174, '1444082174.sql', 'd212f233316875b12f0d4fd700cadcca461c8f40'),
(19, 20150929, '20150929.sql', 1444082174, '1444082174.sql', 'd212f233316875b12f0d4fd700cadcca461c8f40'),
(20, 20150930, '20150930.sql', 1444082174, '1444082174.sql', 'd212f233316875b12f0d4fd700cadcca461c8f40'),
(21, 20151003, '20151003.sql', 1444082174, '1444082174.sql', 'd212f233316875b12f0d4fd700cadcca461c8f40'),
(22, 20151004, '20151004.sql', 1444082175, '1444082174.sql', 'd212f233316875b12f0d4fd700cadcca461c8f40'),
(23, 20151010, '20151010.sql', 1444485854, '1444485854.sql', '17541c8ce1941b6bd7ab58108cec02dcef1608e6'),
(24, 20151110, '20151110.sql', 1447143940, '1447143940.sql', '1392289b569ab4c7d652700be15baf985c81317f'),
(25, 20151203, '20151203.sql', 1449233879, '1449233878.sql', '6c45c8eb9ba48044e91b00b02d891a51700bb728');

-- --------------------------------------------------------

--
-- Структура таблицы `pages`
--
-- Создание: Янв 30 2017 г., 13:09
--

DROP TABLE IF EXISTS `pages`;
CREATE TABLE IF NOT EXISTS `pages` (
  `id_page` int(11) unsigned NOT NULL,
  `page_url` varchar(50) NOT NULL DEFAULT '',
  `template_id` int(10) unsigned NOT NULL DEFAULT '7',
  `override_active_link_id` int(10) unsigned DEFAULT NULL,
  `is_use_affix` tinyint(1) NOT NULL DEFAULT '0'
) ENGINE=InnoDB AUTO_INCREMENT=91 DEFAULT CHARSET=utf8;

--
-- Дамп данных таблицы `pages`
--

INSERT INTO `pages` (`id_page`, `page_url`, `template_id`, `override_active_link_id`, `is_use_affix`) VALUES
(1, 'index', 29, NULL, 0),
(6, 'lvyou', 30, NULL, 0),
(7, 'buyu', 21, 37, 0),
(8, 'VIP', 40, NULL, 0),
(9, 'test_baidu', 15, NULL, 0),
(17, 'activities', 31, NULL, 0),
(18, 'yee', 20, NULL, 0),
(19, 'shoulie', 19, 37, 0),
(21, 'lvyouxingcheng', 30, NULL, 0),
(23, 'contacts', 34, NULL, 0),
(26, 't', 41, NULL, 0),
(30, 'shengtailvyou', 35, 37, 0),
(32, 'didaoeguo', 36, NULL, 0),
(33, 'stainlessspirit', 30, NULL, 0),
(34, 'mianjin', 30, NULL, 0),
(37, 'yuding', 34, NULL, 0),
(42, 'museums', 39, NULL, 0),
(44, 'yule', 30, NULL, 0),
(74, 'confirmation', 34, NULL, 0),
(75, 'index-page', 38, NULL, 1),
(77, 'terms_and_conditions', 34, NULL, 0),
(78, 'business-service', 29, NULL, 0),
(79, 'theatres', 30, NULL, 1),
(80, 'concerts', 30, NULL, 1),
(81, 'festivals', 30, NULL, 1),
(82, 'culture&art', 30, NULL, 1),
(83, 'shiyin', 30, NULL, 1),
(84, 'restaurants', 30, NULL, 1),
(85, 'cafe', 30, NULL, 1),
(86, 'bars&hookahs', 30, NULL, 1),
(87, 'cinema', 30, NULL, 1),
(88, 'clubs', 30, NULL, 1),
(89, 'other', 30, NULL, 1),
(90, 'open-company', 42, NULL, 1);

-- --------------------------------------------------------

--
-- Структура таблицы `page_trans`
--
-- Создание: Янв 30 2017 г., 13:09
--

DROP TABLE IF EXISTS `page_trans`;
CREATE TABLE IF NOT EXISTS `page_trans` (
  `id_trans` int(11) unsigned NOT NULL,
  `is_trans_enabled` tinyint(1) NOT NULL DEFAULT '1',
  `page_id` int(10) unsigned NOT NULL,
  `lang_id` int(10) unsigned NOT NULL,
  `page_title_short` varchar(150) NOT NULL DEFAULT '',
  `page_title_long` varchar(255) NOT NULL DEFAULT '',
  `page_html` longtext NOT NULL,
  `page_keywords` varchar(255) NOT NULL DEFAULT '',
  `page_description` varchar(255) NOT NULL DEFAULT '',
  `page_affix` longtext NOT NULL
) ENGINE=InnoDB AUTO_INCREMENT=6356 DEFAULT CHARSET=utf8;

--
-- Дамп данных таблицы `page_trans`
--

INSERT INTO `page_trans` (`id_trans`, `is_trans_enabled`, `page_id`, `lang_id`, `page_title_short`, `page_title_long`, `page_html`, `page_keywords`, `page_description`, `page_affix`) VALUES
(1676, 1, 9, 3, '', '', '<p><a class="lytebox robin-thumb" href="images/upload/o_19q1644vt1cig1uug12mr5uf1up59.jpg" data-lyte-options="group:page"><img src="images/upload/o_19q1644vt1cig1uug12mr5uf1up59.jpg.thumb.jpg" alt="" /></a><a class="lytebox robin-thumb" href="images/upload/o_19q3ugg9k1gsd104a1td417o2nch9.png" data-lyte-options="group:page"><img src="images/upload/o_19q3ugg9k1gsd104a1td417o2nch9.png.thumb.jpg" alt="" /></a><a class="lytebox robin-thumb" href="images/upload/o_19q17kvu240ue5s1j9nhpt10lb9.jpg" data-lyte-options="group:page"><img src="images/upload/o_19q17kvu240ue5s1j9nhpt10lb9.jpg.thumb.jpg" alt="" /></a></p>', '', '', ''),
(1677, 1, 9, 4, '', '', '', '', '', ''),
(4098, 1, 21, 3, '旅游行程', '旅游行程', '<p><span style="font-size: 14pt;">&nbsp; 旅游行程</span></p>\r\n<table style="height: 233px;" width="725">\r\n<tbody>\r\n<tr>\r\n<td style="text-align: center; vertical-align: middle;"><span style="font-size: 12pt;"><strong>&nbsp;1</strong></span></td>\r\n<td style="text-align: center; vertical-align: middle;">&nbsp;<span style="font-size: 12pt;"><strong>2</strong></span></td>\r\n<td style="text-align: center; vertical-align: middle;"><strong><span style="font-size: 12pt;">3&nbsp;</span></strong></td>\r\n</tr>\r\n<tr>\r\n<td style="text-align: center; vertical-align: middle;">&nbsp;<a class="lytebox robin-thumb" href="images/upload/o_19rk8iq59lnbofk1blj1kl81kc915.jpg" data-lyte-options="group:page"><img src="images/upload/o_19rk8iq59lnbofk1blj1kl81kc915.jpg.thumb.jpg" alt="" /></a></td>\r\n<td style="text-align: center; vertical-align: top;">&nbsp;<a class="lytebox robin-thumb" href="images/upload/o_19rk8lt8jh5g91una216vil1j1a.jpg" data-lyte-options="group:page"><img src="images/upload/o_19rk8lt8jh5g91una216vil1j1a.jpg.thumb.jpg" alt="" /></a></td>\r\n<td style="text-align: center; vertical-align: top;">&nbsp;<a class="lytebox robin-thumb" href="images/upload/o_19rk8obfg30hk881q491tm012r71f.jpg" data-lyte-options="group:page"><img src="images/upload/o_19rk8obfg30hk881q491tm012r71f.jpg.thumb.jpg" alt="" /></a></td>\r\n</tr>\r\n</tbody>\r\n</table>\r\n<p>&nbsp;</p>', '', '完成的旅游项目', ''),
(4099, 1, 21, 4, '旅遊行程', '旅遊行程', '<p><span style="font-size: 14pt;">&nbsp; 旅游行程</span></p>\r\n<table style="height: 233px;" width="725">\r\n<tbody>\r\n<tr>\r\n<td style="text-align: center; vertical-align: middle;"><span style="font-size: 12pt;"><strong>&nbsp;1</strong></span></td>\r\n<td style="text-align: center; vertical-align: middle;">&nbsp;<span style="font-size: 12pt;"><strong>2</strong></span></td>\r\n<td style="text-align: center; vertical-align: middle;"><span style="font-size: 12pt;"><strong>3&nbsp;</strong></span></td>\r\n</tr>\r\n<tr>\r\n<td style="text-align: center; vertical-align: top;">&nbsp;<a class="lytebox robin-thumb" href="images/upload/o_19rk8iq59lnbofk1blj1kl81kc915.jpg" data-lyte-options="group:page"><img src="images/upload/o_19rk8iq59lnbofk1blj1kl81kc915.jpg.thumb.jpg" alt="" /></a></td>\r\n<td style="text-align: center; vertical-align: top;">&nbsp;<a class="lytebox robin-thumb" href="images/upload/o_19rk8lt8jh5g91una216vil1j1a.jpg" data-lyte-options="group:page"><img src="images/upload/o_19rk8lt8jh5g91una216vil1j1a.jpg.thumb.jpg" alt="" /></a></td>\r\n<td style="text-align: center; vertical-align: top;">&nbsp;<a class="lytebox robin-thumb" href="images/upload/o_19rk8obfg30hk881q491tm012r71f.jpg" data-lyte-options="group:page"><img src="images/upload/o_19rk8obfg30hk881q491tm012r71f.jpg.thumb.jpg" alt="" /></a><br /><br /></td>\r\n</tr>\r\n</tbody>\r\n</table>\r\n<p>&nbsp;</p>', '', '完成的旅遊項目', ''),
(4104, 1, 44, 3, '娱乐', '莫斯科和莫斯科郊外最火的娱乐场所', '', '', '', ''),
(4105, 1, 44, 4, '娛樂', '莫斯科俄莫斯科郊外的娛樂場所', '', '', '', ''),
(5412, 1, 34, 3, '闲人免进', '闲人免进', '<div style="margin-bottom: 20px; margin-top:10px;">\r\n<p style="text-align: center;"><a class="btn btn-danger" href="didaoeguo">地道俄国</a>&nbsp;&nbsp;<a class="btn btn-danger" href="stainlessspirit">钢铁神经</a>&nbsp;&nbsp;<a class="btn btn-danger active" href="mianjin">闲人免进</a></p>\r\n</div>\r\n<div class="row">\r\n<div class="col-md-9">\r\n<div class="row">\r\n<div class="col-md-12">\r\n<div class="thumbnail" style="box-shadow: 0 1px 4px 1px rgba(0,0,0,0.5); border-radius: 0;">\r\n<div class="row">\r\n<div class="col-md-4"><a href=""><img id="bunker" src="images/upload/o_19vkvodhb1qrme88h0012h1fl67.jpg" alt="掩体" /></a></div>\r\n<div class="col-md-8">\r\n<div>\r\n<p class="main-text">我们邀请你们参观独特的设施。 这是世界上唯一的地下掩体位于在地面下65米。目前 <strong>&laquo;掩体42&raquo; </strong>是博物馆，是一个30年中在俄罗斯的心脏进行过战斗值班 的前哨，和俄罗斯的骄傲。巨大的地下面积和独特的建筑让在苏联秘密军事设施之一里举行个人和团体旅游 原苏联秘密军事设施之一的个人和团体旅游。</p>\r\n<div style="float: right;">\r\n<p><a class="btn btn-success btn-sm" href="yuding" target="_blank">预订</a> <button class="btn btn-default btn-sm" type="button" data-toggle="modal" data-target=".bunker">更多</button></p>\r\n</div>\r\n<div class="clearfix"></div>\r\n</div>\r\n</div>\r\n</div>\r\n</div>\r\n</div>\r\n\r\n<!-- Модальный блок Бункер -->\r\n\r\n<div class="modal fade bunker">\r\n<div class="modal-dialog modal-lg">\r\n<div class="modal-content">\r\n<div class="modal-header"><button class="close" type="button" data-dismiss="modal"><span>&times;</span></button>\r\n<h3 id="myModalLabel" class="modal-title" style="text-align: center;">42号掩体</h3>\r\n</div>\r\n<div class="modal-body" style="background-image: url(''http://mositong.com/images/upload/o_1a5inemvqpnn1vc712c21l7l8pn1a.jpg''); background-repeat: no-repeat; background-position: center;">\r\n<div class="row">\r\n<div class="col-md-12">\r\n<div class="thumbnail" style="background-image:url(''http://mositong.com/images/upload/o_1a5j0fj3q11kprpt4rl16r41mqg1t.png''); background-color: rgba(255, 255, 255, 1); background-size:68%; background-position:bottom left; background-repeat:no-repeat;">\r\n<div class="row">\r\n<div class="col-md-12">\r\n<div class="row">\r\n<div class="col-md-7">\r\n<div class="modal-text">\r\n<p>我们邀请你们参观独特的设施。 这是世界上唯一的地下掩体位于在地面下65米。目前 <strong>&laquo;掩体42&raquo; </strong>是博物馆，是一个30年中在俄罗斯的心脏进行过战斗值班 的前哨，和俄罗斯的骄傲。巨大的地下面积和独特的建筑让在苏联秘密军事设施之一里举行个人和团体旅游 原苏联秘密军事设施之一的个人和团体旅游。</p>\r\n<p>参与者必要穿舒适的衣服和鞋（不带尖刺），并带来一个手电筒。每一个参与者提供旅游保护设备。</p>\r\n<p><strong>旅游项目：</strong></p>\r\n<ul>\r\n    <li>掩体的技术部分之旅。</li>\r\n    <li>参观生命支持设备的隔室。</li>\r\n    <li>参观第四块 的备用指挥所。</li>\r\n</ul>\r\n<p><stong>旅行延续时间 ：</stong>两个小时。</p>\r\n<p><strong>年龄规定：</strong>到达16年龄的参与者。</p>\r\n<p><strong>旅游行程包括：</strong></p>\r\n<ul>\r\n<li>接送服务</li>\r\n<li>一日一餐</li>\r\n<li>基本旅游项目</li>\r\n</ul>\r\n</div>\r\n</div>\r\n<div class="col-md-5">\r\n<div class="row">\r\n<div class="col-md-9 col-md-offset-2">\r\n<div class="row ph-1">\r\n<div class="col-md-12" style="padding: 0; border-top: 2px solid black; border-right: 2px solid black; border-bottom: 1px solid black; border-left: 2px solid black;"><img style="margin: 0; width: 100%; height: auto;" src="http://mositong.com/images/upload/o_1a5iomc3g1imffjjb15nilgmg1r.jpg" alt="掩体42" /></div>\r\n</div>\r\n<div class="row">\r\n<div class="col-md-6" style="padding: 0; border-top: 1px solid black; border-right: 1px solid black; border-bottom: 1px solid black; border-left: 2px solid black;"><a class="lytebox robin-thumb" href="http://mositong.com/images/upload/o_1a5iomc3g3db1o1kbue141n1vln1q.jpg" data-lyte-options="group:boar"><img style="margin: 0; border: 0; border-radius: 0;" src="http://mositong.com/images/upload/o_1a5iomc3g3db1o1kbue141n1vln1q.jpg.thumb.jpg" alt="" /></a></div>\r\n<div class="col-md-6" style="padding: 0; border-top: 1px solid black; border-right: 2px solid black; border-bottom: 1px solid black; border-left: 1px solid black;"><a class="lytebox robin-thumb" href="http://mositong.com/images/upload/o_1a5iomc3g14h960dd1v1sf9137m1p.jpg" data-lyte-options="group:boar"><img style="margin: 0; border: 0; border-radius: 0;" src="http://mositong.com/images/upload/o_1a5iomc3g14h960dd1v1sf9137m1p.jpg.thumb.jpg" alt="" /></a></div>\r\n</div>\r\n<div class="row">\r\n<div class="col-md-6" style="padding: 0; border-top: 1px solid black; border-right: 1px solid black; border-bottom: 1px solid black; border-left: 2px solid black;"><a class="lytebox robin-thumb" href="http://mositong.com/images/upload/o_1a5iomc3g1o8i1k8o1gi419ak13b61o.jpg" data-lyte-options="group:boar"><img style="margin: 0; border: 0; border-radius: 0;" src="http://mositong.com/images/upload/o_1a5iomc3g1o8i1k8o1gi419ak13b61o.jpg.thumb.jpg" alt="" /></a></div>\r\n<div class="col-md-6" style="padding: 0; border-top: 1px solid black; border-right: 2px solid black; border-bottom: 1px solid black; border-left: 1px solid black;"><a class="lytebox robin-thumb" href="http://mositong.com/images/upload/o_1a5iomc3g16r3vc6imv1h3t1kdh1n.jpg" data-lyte-options="group:boar"><img style="margin: 0; border: 0; border-radius: 0;" src="http://mositong.com/images/upload/o_1a5iomc3g16r3vc6imv1h3t1kdh1n.jpg.thumb.jpg" alt="" /></a></div>\r\n</div>\r\n<div class="row">\r\n<div class="col-md-6" style="padding: 0; border-top: 1px solid black; border-right: 1px solid black; border-bottom: 2px solid black; border-left: 2px solid black;"><a class="lytebox robin-thumb" href="http://mositong.com/images/upload/o_1a5iomc3g5igkdnm341dt9i2t1m.jpg" data-lyte-options="group:boar"><img style="margin: 0; border: 0; border-radius: 0;" src="http://mositong.com/images/upload/o_1a5iomc3g5igkdnm341dt9i2t1m.jpg.thumb.jpg" alt="" /></a></div>\r\n<div class="col-md-6" style="padding: 0; border-top: 1px solid black; border-right: 2px solid black; border-bottom: 2px solid black; border-left: 1px solid black;"><a class="lytebox robin-thumb" href="http://mositong.com/images/upload/o_1a5iomc3g1ich1l3o1q45h1ltv01l.jpg" data-lyte-options="group:boar"><img style="margin: 0; border: 0; border-radius: 0;" src="http://mositong.com/images/upload/o_1a5iomc3g1ich1l3o1q45h1ltv01l.jpg.thumb.jpg" alt="" /></a></div>\r\n</div>\r\n<div class="row" style="margin-top: 20px;">\r\n<div class="col-md-12">\r\n<div class="caption" style="width:100%; margin:0; border: 3px solid #fff; padding: 8px; box-shadow:0 0 5px 1px #000 inset, 0 0 5px 1px #000; background-size:contain; background-position:bottom center; background-repeat:no-repeat;">\r\n<h3>莫斯通</h3>\r\n<div class="row">\r\n<div class="col-md-12">\r\n<p><span class="glyphicon glyphicon-earphone"></span> <strong>电话: </strong>+7926-045-25-38</p>\r\n</div>\r\n</div>\r\n<div class="row">\r\n<div class="col-md-12">\r\n<p><span class="glyphicon glyphicon-envelope"></span> <strong>电邮: </strong>info@mositong.com</p>\r\n</div>\r\n</div>\r\n<div class="row">\r\n<div class="col-md-12">\r\n<p><span class="glyphicon glyphicon-phone"></span> <strong>微信: </strong>+79260452538</p>\r\n</div>\r\n</div>\r\n<div class="row">\r\n<div class="col-md-12">\r\n<p><span class="glyphicon glyphicon-home"></span> <strong>地址: </strong>俄罗斯莫斯科</p>\r\n<p><strong>我们的辅导员随时回答你的问题。</strong></p>\r\n</div>\r\n</div>\r\n</div>\r\n<div class="row" style="margin: 20px 0 20px 0;">\r\n<div class="col-md-2 col-md-offset-5"><button class="btn btn-default" type="button" data-dismiss="modal">关闭</button></div>\r\n<div class="col-md-2 col-md-offset-1"><a class="btn btn-success" href="yuding" type="button" target="_blank">预订</a></div>\r\n</div>\r\n</div>\r\n</div>\r\n</div>\r\n</div>\r\n</div>\r\n</div>\r\n</div>\r\n</div>\r\n</div>\r\n</div>\r\n</div>\r\n</div>\r\n</div>\r\n</div>\r\n</div>\r\n</div>\r\n\r\n\r\n<!-- ПРО  -->\r\n\r\n<div class="row">\r\n<div class="col-md-12">\r\n<div class="thumbnail" style="box-shadow: 0 1px 4px 1px rgba(0,0,0,0.5); border-radius: 0;">\r\n<div class="row">\r\n<div class="col-md-4"><a href=""><img id="pro" src="images/upload/o_19vl0a5ubnan1gb9g1sgt0a2fg.jpg" alt="反导系统" /></a></div>\r\n<div class="col-md-8">\r\n<div>\r\n<p class="main-text">在50年代，在冷战的高度中，莫斯科以强大的双环的导弹防御系统而保护。系统包括地下掩体，雷达和地下导弹发射井。到1991年导弹防御系统环形防御莫斯科。苏联解体并俄美写反导条约后，这个强大的导弹防御系统出现了放弃。在我们独特之游览&nbsp; &ldquo;莫斯科导弹防御&rdquo; 你们有机会参观莫斯科导弹防御的设施如下：</p>\r\n<div style="float: right;">\r\n<p><a class="btn btn-success btn-sm" href="yuding" target="_blank">预订</a> <button class="btn btn-default btn-sm" type="button" data-toggle="modal" data-target=".pro">更多</button></p>\r\n</div>\r\n<div class="clearfix"></div>\r\n</div>\r\n</div>\r\n</div>\r\n</div>\r\n</div>\r\n</div>\r\n</div>\r\n</div>\r\n\r\n\r\n<!--  Модальный блок ПРО  -->\r\n\r\n<div class="modal fade pro">\r\n<div class="modal-dialog modal-lg">\r\n<div class="modal-content">\r\n<div class="modal-header"><button class="close" type="button" data-dismiss="modal"><span>&times;</span></button>\r\n<h3 id="myModalLabel" class="modal-title" style="text-align: center;">莫斯科反导系统</h3>\r\n</div>\r\n<div class="modal-body" style="background-image: url(''http://mositong.com/images/upload/o_1a5inemvqpnn1vc712c21l7l8pn1a.jpg''); background-repeat: no-repeat; background-position: center;">\r\n<div class="row">\r\n<div class="col-md-12">\r\n<div class="thumbnail" style="background-image:url(''http://mositong.com/images/upload/o_1a5j0fj3q11kprpt4rl16r41mqg1t.png''); background-color: rgba(255, 255, 255, 1); background-size:68%; background-position:bottom left; background-repeat:no-repeat;">\r\n<div class="row">\r\n<div class="col-md-12">\r\n<div class="row">\r\n<div class="col-md-7">\r\n<div class="modal-text">\r\n<p>在50年代，在冷战的高度中，莫斯科以强大的双环的导弹防御系统而保护。系统包括地下掩体，雷达和地下导弹发射井。到1991年导弹防御系统环形防御莫斯科。苏联解体并俄美写反导条约后，这个强大的导弹防御系统出现了放弃。</p>\r\n<ul>\r\n    <li>废弃的掩体，第一个防空系统C25的巨大的机库</li>\r\n    <li>通讯中心</li>\r\n    <li>防空系统А135，导弹发射井</li>\r\n    <li>到一个巨大球形的雷达内部</li>\r\n</ul>\r\n<p><strong>旅游项目：</strong></p>\r\n<p>在旅馆接，吃饭。坐车去莫斯科导弹防御系统的地方，参观莫斯科导弹防御系统的建筑。坐车回到莫斯科。吃完饭。</p>\r\n<p>参与者必要穿舒适的衣服和鞋（不带尖刺）</p>\r\n\r\n<p><stong>旅行延续时间 ：</stong>十个小时。</p>\r\n<p><strong>年龄规定：</strong>到达16年龄的参与者。</p>\r\n<p><strong>旅游行程包括：</strong></p>\r\n<ul>\r\n<li>接送服务</li>\r\n<li>一日一餐</li>\r\n<li>基本旅游项目</li>\r\n</ul>\r\n</div>\r\n</div>\r\n<div class="col-md-5">\r\n<div class="row">\r\n<div class="col-md-9 col-md-offset-2">\r\n<div class="row ph-1">\r\n<div class="col-md-12" style="padding: 0; border-top: 2px solid black; border-right: 2px solid black; border-bottom: 1px solid black; border-left: 2px solid black;"><img style="margin: 0; width: 100%; height: auto;" src="http://mositong.com/images/upload/o_1a5o2emjj1qs81pp11573md11h8sk.jpg" alt="莫斯科反导系统" /></div>\r\n</div>\r\n<div class="row">\r\n<div class="col-md-6" style="padding: 0; border-top: 1px solid black; border-right: 1px solid black; border-bottom: 1px solid black; border-left: 2px solid black;"><a class="lytebox robin-thumb" href="http://mositong.com/images/upload/o_1a5o2emjk18vrkql1p121l3a18kjo.jpg" data-lyte-options="group:boar"><img style="margin: 0; border: 0; border-radius: 0;" src="http://mositong.com/images/upload/o_1a5o2emjk18vrkql1p121l3a18kjo.jpg.thumb.jpg" alt="" /></a></div>\r\n<div class="col-md-6" style="padding: 0; border-top: 1px solid black; border-right: 2px solid black; border-bottom: 1px solid black; border-left: 1px solid black;"><a class="lytebox robin-thumb" href="http://mositong.com/images/upload/o_1a5o2emjk1m1j6rdsdt13jc11ekn.jpg" data-lyte-options="group:boar"><img style="margin: 0; border: 0; border-radius: 0;" src="http://mositong.com/images/upload/o_1a5o2emjk1m1j6rdsdt13jc11ekn.jpg.thumb.jpg" alt="" /></a></div>\r\n</div>\r\n<div class="row">\r\n<div class="col-md-6" style="padding: 0; border-top: 1px solid black; border-right: 1px solid black; border-bottom: 1px solid black; border-left: 2px solid black;"><a class="lytebox robin-thumb" href="http://mositong.com/images/upload/o_1a5o2emjk1pt41i1tmn987e1ih3m.jpg" data-lyte-options="group:boar"><img style="margin: 0; border: 0; border-radius: 0;" src="http://mositong.com/images/upload/o_1a5o2emjk1pt41i1tmn987e1ih3m.jpg.thumb.jpg" alt="" /></a></div>\r\n<div class="col-md-6" style="padding: 0; border-top: 1px solid black; border-right: 2px solid black; border-bottom: 1px solid black; border-left: 1px solid black;"><a class="lytebox robin-thumb" href="http://mositong.com/images/upload/o_1a5o2emjk1h7c19fp6491arr1nacl.jpg" data-lyte-options="group:boar"><img style="margin: 0; border: 0; border-radius: 0;" src="http://mositong.com/images/upload/o_1a5o2emjk1h7c19fp6491arr1nacl.jpg.thumb.jpg" alt="" /></a></div>\r\n</div>\r\n<div class="row">\r\n<div class="col-md-6" style="padding: 0; border-top: 1px solid black; border-right: 1px solid black; border-bottom: 2px solid black; border-left: 2px solid black;"><a class="lytebox robin-thumb" href="http://mositong.com/images/upload/o_1a5o2emjjqhg18n31c5e1o0a14k8j.jpg" data-lyte-options="group:boar"><img style="margin: 0; border: 0; border-radius: 0;" src="http://mositong.com/images/upload/o_1a5o2emjjqhg18n31c5e1o0a14k8j.jpg.thumb.jpg" alt="" /></a></div>\r\n<div class="col-md-6" style="padding: 0; border-top: 1px solid black; border-right: 2px solid black; border-bottom: 2px solid black; border-left: 1px solid black;"><a class="lytebox robin-thumb" href="http://mositong.com/images/upload/o_1a5o2emjj8pr1fh51egk63c1miti.jpg" data-lyte-options="group:boar"><img style="margin: 0; border: 0; border-radius: 0;" src="http://mositong.com/images/upload/o_1a5o2emjj8pr1fh51egk63c1miti.jpg.thumb.jpg" alt="" /></a></div>\r\n</div>\r\n<div class="row" style="margin-top: 20px;">\r\n<div class="col-md-12">\r\n<div class="caption" style="width:100%; margin:0; border: 3px solid #fff; padding: 8px; box-shadow:0 0 5px 1px #000 inset, 0 0 5px 1px #000; background-size:contain; background-position:bottom center; background-repeat:no-repeat;">\r\n<h3>莫斯通</h3>\r\n<div class="row">\r\n<div class="col-md-12">\r\n<p><span class="glyphicon glyphicon-earphone"></span> <strong>电话: </strong>+7926-045-25-38</p>\r\n</div>\r\n</div>\r\n<div class="row">\r\n<div class="col-md-12">\r\n<p><span class="glyphicon glyphicon-envelope"></span> <strong>电邮: </strong>info@mositong.com</p>\r\n</div>\r\n</div>\r\n<div class="row">\r\n<div class="col-md-12">\r\n<p><span class="glyphicon glyphicon-phone"></span> <strong>微信: </strong>0079260452538</p>\r\n</div>\r\n</div>\r\n<div class="row">\r\n<div class="col-md-12">\r\n<p><span class="glyphicon glyphicon-home"></span> <strong>地址: </strong>Russia, Moscow, Shukhova street 14 (地铁站：Shabolovskaya)</p>\r\n<p><strong>我们的辅导员随时回答你的问题。</strong></p>\r\n</div>\r\n</div>\r\n</div>\r\n<div class="row" style="margin: 20px 0 20px 0;">\r\n<div class="col-md-2 col-md-offset-5"><button class="btn btn-default" type="button" data-dismiss="modal">关闭</button></div>\r\n<div class="col-md-2 col-md-offset-1"><a class="btn btn-success" href="yuding" type="button" target="_blank">预订</a></div>\r\n</div>\r\n</div>\r\n</div>\r\n</div>\r\n</div>\r\n</div>\r\n</div>\r\n</div>\r\n</div>\r\n</div>\r\n</div>\r\n</div>\r\n</div>\r\n</div>\r\n</div>\r\n</div>\r\n\r\n<!-- Modal -->\r\n<div class="modal fade contact" id="myModal" tabindex="-1" role="dialog" aria-labelledby="myModalLabel">\r\n  <div class="modal-dialog modal-lg" role="document">\r\n    <div class="modal-content" style="background-image:url(''http://mositong.com/images/upload/o_1a5r9acjs11rfss3k4k1ufm15k6c.png''); background-position: bottom left; background-size: 50%; background-repeat:no-repeat;">\r\n      <div class="modal-header" style="border-bottom:0">\r\n        <button type="button" class="close" data-dismiss="modal" aria-label="Close"><span aria-hidden="true">&times;</span></button>\r\n        <h1 style="font-family: KaiTi; font-weight:bold;" class="modal-title" id="myModalLabel">莫斯通有限公司</h1>\r\n      </div>\r\n      <div class="modal-body">\r\n          <div class="row">\r\n              <div class="col-md-6 modal-in-text">\r\n                    <div class="row">\r\n            <div class="col-md-12">\r\n            <p><span class="glyphicon glyphicon-earphone"></span>&nbsp;&nbsp;<strong>电话: </strong>007926-045-25-38</p>\r\n            </div>\r\n            </div>\r\n            <div class="row">\r\n            <div class="col-md-12">\r\n            <p><span class="glyphicon glyphicon-envelope"></span>&nbsp;&nbsp;<strong>电邮: </strong>info@mositong.com</p>\r\n            </div>\r\n            </div>\r\n            <div class="row">\r\n            <div class="col-md-12">\r\n            <p><span><img style="width:22px; height:22px; margin:0; padding:0; margin-right:5px;" src="http://mositong.com/images/upload/o_1a5nq6oat1cbb3b41c57dl3npk7.png"></span>&nbsp;<strong>微信: </strong>+79260452538</p>\r\n            </div>\r\n            </div>\r\n            <div class="row">\r\n            <div class="col-md-12">\r\n            <p><span class="glyphicon glyphicon-home"></span>&nbsp;&nbsp; <strong>地址: </strong>Russia, Moscow, Shukhova street 14</p>\r\n        </div>\r\n        </div>\r\n        </div>\r\n        <div class="col-md-6">\r\n            <img style="box-shadow:0 1px 4px 2px rgba(0,0,0,0.5);" class="img-thumbnail" src="http://mositong.com/images/upload/o_1a5rdiaeejaek6g161i1r7315l315.png" alt="地图">\r\n        </div>\r\n    </div>\r\n      </div>\r\n      <div class="modal-footer" style="border-top:0;">\r\n        <button type="button" class="btn btn-default" data-dismiss="modal">关闭</button>\r\n      </div>\r\n    </div>\r\n  </div>\r\n</div>\r\n<!-- <div class="pointer"><span class="glyphicon glyphicon-arrow-down"></span></div> -->', '', '', ''),
(5413, 1, 34, 4, '閒人免進', '閒人免進', '<div style="margin-bottom: 20px; margin-top:10px;">\r\n<p style="text-align: center;"><a class="btn btn-danger" href="didaoeguo">地道俄國</a>&nbsp;&nbsp;<a class="btn btn-danger" href="stainlessspirit">鋼鐵神經</a>&nbsp;&nbsp;<a class="btn btn-danger active" href="mianjin">閒人免進</a></p>\r\n</div>\r\n<div class="row">\r\n<div class="col-md-9">\r\n<div class="row">\r\n<div class="col-md-12">\r\n<div class="thumbnail" style="box-shadow: 0 1px 4px 1px rgba(0,0,0,0.5); border-radius: 0;">\r\n<div class="row">\r\n<div class="col-md-4"><a href=""><img id="bunker" src="images/upload/o_19vkvodhb1qrme88h0012h1fl67.jpg" alt="掩體42" /></a></div>\r\n<div class="col-md-8">\r\n<div>\r\n<p class="main-text">我們邀請你們參觀獨特的設施。 這是世界上唯一的地下掩體位於在地面下65米。目前 <strong>&laquo;掩體42&raquo; </strong>是博物館，是一個30年中在俄羅斯的心臟進行過戰鬥值班 的前哨，和俄羅斯的驕傲。巨大的地下面積和獨特的建築讓在蘇聯秘密軍事設施之一裏舉行個人和團體旅遊 原蘇聯秘密軍事設施之一的個人和團體旅遊。</p>\r\n<div style="float: right;">\r\n<p><a class="btn btn-success btn-sm" href="yuding" target="_blank">預訂</a> <button class="btn btn-default btn-sm" type="button" data-toggle="modal" data-target=".bunker">更多</button></p>\r\n</div>\r\n<div class="clearfix"></div>\r\n</div>\r\n</div>\r\n</div>\r\n</div>\r\n</div>\r\n\r\n<!-- Модальный блок кабан -->\r\n\r\n<div class="modal fade bunker">\r\n<div class="modal-dialog modal-lg">\r\n<div class="modal-content">\r\n<div class="modal-header"><button class="close" type="button" data-dismiss="modal"><span>&times;</span></button>\r\n<h3 id="myModalLabel" class="modal-title" style="text-align: center;">42號掩體</h3>\r\n</div>\r\n<div class="modal-body" style="background-image: url(''http://mositong.com/images/upload/o_1a5inemvqpnn1vc712c21l7l8pn1a.jpg''); background-repeat: no-repeat; background-position: center;">\r\n<div class="row">\r\n<div class="col-md-12">\r\n<div class="thumbnail" style="background-image:url(''http://mositong.com/images/upload/o_1a5j0fj3q11kprpt4rl16r41mqg1t.png''); background-color: rgba(255, 255, 255, 1); background-size:68%; background-position:bottom left; background-repeat:no-repeat;">\r\n<div class="row">\r\n<div class="col-md-12">\r\n<div class="row">\r\n<div class="col-md-7">\r\n<div class="modal-text">\r\n<p>我們邀請你們參觀獨特的設施。 這是世界上唯一的地下掩體位於在地面下65米。目前 <strong>&laquo;掩體42&raquo; </strong>是博物館，是一個30年中在俄羅斯的心臟進行過戰鬥值班 的前哨，和俄羅斯的驕傲。巨大的地下面積和獨特的建築讓在蘇聯秘密軍事設施之一裏舉行個人和團體旅遊 原蘇聯秘密軍事設施之一的個人和團體旅遊。</p>\r\n<p>參與者必要穿舒適的衣服和鞋（不帶尖刺），並帶來一個手電筒。每一個參與者提供旅遊保護設備。</p>\r\n<p><strong>旅遊項目：</strong></p>\r\n<ul>\r\n    <li>掩體的技術部分之旅。</li>\r\n    <li>參觀生命支持設備的隔室。</li>\r\n    <li>參觀第四塊的備用指揮所。</li>\r\n</ul>\r\n<p><stong>旅行延續時間 ：</stong>兩個小時。</p>\r\n<p><strong>年龄規定：</strong>到達16年齡的參與者。</p>\r\n<p><strong>旅游行程包括：</strong></p>\r\n<ul>\r\n<li>接送服務</li>\r\n<li>一日一餐</li>\r\n<li>基本旅遊項目</li>\r\n</ul>\r\n</div>\r\n</div>\r\n<div class="col-md-5">\r\n<div class="row">\r\n<div class="col-md-9 col-md-offset-2">\r\n<div class="row ph-1">\r\n<div class="col-md-12" style="padding: 0; border-top: 2px solid black; border-right: 2px solid black; border-bottom: 1px solid black; border-left: 2px solid black;"><img style="margin: 0; width: 100%; height: auto;" src="http://mositong.com/images/upload/o_1a5iomc3g1imffjjb15nilgmg1r.jpg" alt="掩體42" /></div>\r\n</div>\r\n<div class="row">\r\n<div class="col-md-6" style="padding: 0; border-top: 1px solid black; border-right: 1px solid black; border-bottom: 1px solid black; border-left: 2px solid black;"><a class="lytebox robin-thumb" href="http://mositong.com/images/upload/o_1a5iomc3g3db1o1kbue141n1vln1q.jpg" data-lyte-options="group:boar"><img style="margin: 0; border: 0; border-radius: 0;" src="http://mositong.com/images/upload/o_1a5iomc3g3db1o1kbue141n1vln1q.jpg.thumb.jpg" alt="" /></a></div>\r\n<div class="col-md-6" style="padding: 0; border-top: 1px solid black; border-right: 2px solid black; border-bottom: 1px solid black; border-left: 1px solid black;"><a class="lytebox robin-thumb" href="http://mositong.com/images/upload/o_1a5iomc3g14h960dd1v1sf9137m1p.jpg" data-lyte-options="group:boar"><img style="margin: 0; border: 0; border-radius: 0;" src="http://mositong.com/images/upload/o_1a5iomc3g14h960dd1v1sf9137m1p.jpg.thumb.jpg" alt="" /></a></div>\r\n</div>\r\n<div class="row">\r\n<div class="col-md-6" style="padding: 0; border-top: 1px solid black; border-right: 1px solid black; border-bottom: 1px solid black; border-left: 2px solid black;"><a class="lytebox robin-thumb" href="http://mositong.com/images/upload/o_1a5iomc3g1o8i1k8o1gi419ak13b61o.jpg" data-lyte-options="group:boar"><img style="margin: 0; border: 0; border-radius: 0;" src="http://mositong.com/images/upload/o_1a5iomc3g1o8i1k8o1gi419ak13b61o.jpg.thumb.jpg" alt="" /></a></div>\r\n<div class="col-md-6" style="padding: 0; border-top: 1px solid black; border-right: 2px solid black; border-bottom: 1px solid black; border-left: 1px solid black;"><a class="lytebox robin-thumb" href="http://mositong.com/images/upload/o_1a5iomc3g16r3vc6imv1h3t1kdh1n.jpg" data-lyte-options="group:boar"><img style="margin: 0; border: 0; border-radius: 0;" src="http://mositong.com/images/upload/o_1a5iomc3g16r3vc6imv1h3t1kdh1n.jpg.thumb.jpg" alt="" /></a></div>\r\n</div>\r\n<div class="row">\r\n<div class="col-md-6" style="padding: 0; border-top: 1px solid black; border-right: 1px solid black; border-bottom: 2px solid black; border-left: 2px solid black;"><a class="lytebox robin-thumb" href="http://mositong.com/images/upload/o_1a5iomc3g5igkdnm341dt9i2t1m.jpg" data-lyte-options="group:boar"><img style="margin: 0; border: 0; border-radius: 0;" src="http://mositong.com/images/upload/o_1a5iomc3g5igkdnm341dt9i2t1m.jpg.thumb.jpg" alt="" /></a></div>\r\n<div class="col-md-6" style="padding: 0; border-top: 1px solid black; border-right: 2px solid black; border-bottom: 2px solid black; border-left: 1px solid black;"><a class="lytebox robin-thumb" href="http://mositong.com/images/upload/o_1a5iomc3g1ich1l3o1q45h1ltv01l.jpg" data-lyte-options="group:boar"><img style="margin: 0; border: 0; border-radius: 0;" src="http://mositong.com/images/upload/o_1a5iomc3g1ich1l3o1q45h1ltv01l.jpg.thumb.jpg" alt="" /></a></div>\r\n</div>\r\n<div class="row" style="margin-top: 20px;">\r\n<div class="col-md-12">\r\n<div class="caption" style="width:100%; margin:0; border: 3px solid #fff; padding: 8px; box-shadow:0 0 5px 1px #000 inset, 0 0 5px 1px #000; background-size:contain; background-position:bottom center; background-repeat:no-repeat;">\r\n<h3>莫斯通</h3>\r\n<div class="row">\r\n<div class="col-md-12">\r\n<p><span class="glyphicon glyphicon-earphone"></span> <strong>電話: </strong>+7926-045-25-38</p>\r\n</div>\r\n</div>\r\n<div class="row">\r\n<div class="col-md-12">\r\n<p><span class="glyphicon glyphicon-envelope"></span> <strong>電郵: </strong>info@mositong.com</p>\r\n</div>\r\n</div>\r\n<div class="row">\r\n<div class="col-md-12">\r\n<p><span class="glyphicon glyphicon-phone"></span> <strong>微信: </strong>0079260452538</p>\r\n</div>\r\n</div>\r\n<div class="row">\r\n<div class="col-md-12">\r\n<p><span class="glyphicon glyphicon-home"></span> <strong>地址: </strong>俄罗斯莫斯科</p>\r\n<p><strong>我們的輔導員隨時回答你的問題。</strong></p>\r\n</div>\r\n</div>\r\n</div>\r\n<div class="row" style="margin: 20px 0 20px 0;">\r\n<div class="col-md-2 col-md-offset-5"><button class="btn btn-default" type="button" data-dismiss="modal">關閉</button></div>\r\n<div class="col-md-2 col-md-offset-1"><a class="btn btn-success" href="yuding" type="button" target="_blank">預訂</a></div>\r\n</div>\r\n</div>\r\n</div>\r\n</div>\r\n</div>\r\n</div>\r\n</div>\r\n</div>\r\n</div>\r\n</div>\r\n</div>\r\n</div>\r\n</div>\r\n</div>\r\n</div>\r\n</div>\r\n</div>\r\n\r\n<!-- ПРО  -->\r\n\r\n<div class="row">\r\n<div class="col-md-12">\r\n<div class="thumbnail" style="box-shadow: 0 1px 4px 1px rgba(0,0,0,0.5); border-radius: 0;">\r\n<div class="row">\r\n<div class="col-md-4"><a href=""><img id="pro" src="images/upload/o_19vl0a5ubnan1gb9g1sgt0a2fg.jpg" alt="反導系統" /></a></div>\r\n<div class="col-md-8">\r\n<div>\r\n<p class="main-text">在50年代，在冷戰的高度中，莫斯科以強大的雙環的導彈防禦系統而保護。系統包括地下掩體，雷達和地下導彈發射井。到1991年導彈防禦系統環形防禦莫斯科。蘇聯解體並俄美寫反導條約後，這個強大的導彈防禦系統出現了放棄。：</p>\r\n<div style="float: right;">\r\n<p><a class="btn btn-success btn-sm" href="yuding" target="_blank">預訂</a> <button class="btn btn-default btn-sm" type="button" data-toggle="modal" data-target=".pro">更多</button></p>\r\n</div>\r\n<div class="clearfix"></div>\r\n</div>\r\n</div>\r\n</div>\r\n</div>\r\n</div>\r\n</div>\r\n</div>\r\n</div>\r\n\r\n\r\n<!--  Модальный блок ПРО  -->\r\n\r\n<div class="modal fade pro">\r\n<div class="modal-dialog modal-lg">\r\n<div class="modal-content">\r\n<div class="modal-header"><button class="close" type="button" data-dismiss="modal"><span>&times;</span></button>\r\n<h3 id="myModalLabel" class="modal-title" style="text-align: center;">莫斯科反導系統</h3>\r\n</div>\r\n<div class="modal-body" style="background-image: url(''http://mositong.com/images/upload/o_1a5inemvqpnn1vc712c21l7l8pn1a.jpg''); background-repeat: no-repeat; background-position: center;">\r\n<div class="row">\r\n<div class="col-md-12">\r\n<div class="thumbnail" style="background-image:url(''http://mositong.com/images/upload/o_1a5j0fj3q11kprpt4rl16r41mqg1t.png''); background-color: rgba(255, 255, 255, 1); background-size:68%; background-position:bottom left; background-repeat:no-repeat;">\r\n<div class="row">\r\n<div class="col-md-12">\r\n<div class="row">\r\n<div class="col-md-7">\r\n<div class="modal-text">\r\n<p>在50年代，在冷戰的高度中，莫斯科以強大的雙環的導彈防禦系統而保護。系統包括地下掩體，雷達和地下導彈發射井。到1991年導彈防禦系統環形防禦莫斯科。蘇聯解體並俄美寫反導條約後，這個強大的導彈防禦系統出現了放棄。在我們獨特之遊覽&nbsp; &ldquo;莫斯科導彈防禦&rdquo; 你們有機會參觀莫斯科導彈防禦的設施如下：</p>\r\n<ul>\r\n    <li>廢棄的掩體，第一個防空系統C25的巨大的機庫</li>\r\n    <li>通訊中心</li>\r\n    <li>防空系統А135，導彈發射井</li>\r\n    <li>到一個巨大球形的雷達內部</li>\r\n</ul>\r\n<p><strong>旅遊項目：</strong></p>\r\n<p>在旅館接，吃飯。坐車去莫斯科導彈防禦系統的地方，參觀莫斯科導彈防禦系統的建築。坐車回到莫斯科。吃完飯。</p>\r\n<p>參與者必要穿舒適的衣服和鞋（不帶尖刺）</p>\r\n\r\n<p><stong>旅行延續時間 ：</stong>十個小時。</p>\r\n<p><strong>年齡規定：</strong>到達16年齡的參與者。</p>\r\n<p><strong>旅遊行程包括：</strong></p>\r\n<ul>\r\n<li>接送服務</li>\r\n<li>一日一餐</li>\r\n<li>基本旅遊項目</li>\r\n</ul>\r\n</div>\r\n</div>\r\n<div class="col-md-5">\r\n<div class="row">\r\n<div class="col-md-9 col-md-offset-2">\r\n<div class="row ph-1">\r\n<div class="col-md-12" style="padding: 0; border-top: 2px solid black; border-right: 2px solid black; border-bottom: 1px solid black; border-left: 2px solid black;"><img style="margin: 0; width: 100%; height: auto;" src="http://mositong.com/images/upload/o_1a5o2emjj1qs81pp11573md11h8sk.jpg" alt="莫斯科反導系統" /></div>\r\n</div>\r\n<div class="row">\r\n<div class="col-md-6" style="padding: 0; border-top: 1px solid black; border-right: 1px solid black; border-bottom: 1px solid black; border-left: 2px solid black;"><a class="lytebox robin-thumb" href="http://mositong.com/images/upload/o_1a5o2emjk18vrkql1p121l3a18kjo.jpg" data-lyte-options="group:boar"><img style="margin: 0; border: 0; border-radius: 0;" src="http://mositong.com/images/upload/o_1a5o2emjk18vrkql1p121l3a18kjo.jpg.thumb.jpg" alt="" /></a></div>\r\n<div class="col-md-6" style="padding: 0; border-top: 1px solid black; border-right: 2px solid black; border-bottom: 1px solid black; border-left: 1px solid black;"><a class="lytebox robin-thumb" href="http://mositong.com/images/upload/o_1a5o2emjk1m1j6rdsdt13jc11ekn.jpg" data-lyte-options="group:boar"><img style="margin: 0; border: 0; border-radius: 0;" src="http://mositong.com/images/upload/o_1a5o2emjk1m1j6rdsdt13jc11ekn.jpg.thumb.jpg" alt="" /></a></div>\r\n</div>\r\n<div class="row">\r\n<div class="col-md-6" style="padding: 0; border-top: 1px solid black; border-right: 1px solid black; border-bottom: 1px solid black; border-left: 2px solid black;"><a class="lytebox robin-thumb" href="http://mositong.com/images/upload/o_1a5o2emjk1pt41i1tmn987e1ih3m.jpg" data-lyte-options="group:boar"><img style="margin: 0; border: 0; border-radius: 0;" src="http://mositong.com/images/upload/o_1a5o2emjk1pt41i1tmn987e1ih3m.jpg.thumb.jpg" alt="" /></a></div>\r\n<div class="col-md-6" style="padding: 0; border-top: 1px solid black; border-right: 2px solid black; border-bottom: 1px solid black; border-left: 1px solid black;"><a class="lytebox robin-thumb" href="http://mositong.com/images/upload/o_1a5o2emjk1h7c19fp6491arr1nacl.jpg" data-lyte-options="group:boar"><img style="margin: 0; border: 0; border-radius: 0;" src="http://mositong.com/images/upload/o_1a5o2emjk1h7c19fp6491arr1nacl.jpg.thumb.jpg" alt="" /></a></div>\r\n</div>\r\n<div class="row">\r\n<div class="col-md-6" style="padding: 0; border-top: 1px solid black; border-right: 1px solid black; border-bottom: 2px solid black; border-left: 2px solid black;"><a class="lytebox robin-thumb" href="http://mositong.com/images/upload/o_1a5o2emjjqhg18n31c5e1o0a14k8j.jpg" data-lyte-options="group:boar"><img style="margin: 0; border: 0; border-radius: 0;" src="http://mositong.com/images/upload/o_1a5o2emjjqhg18n31c5e1o0a14k8j.jpg.thumb.jpg" alt="" /></a></div>\r\n<div class="col-md-6" style="padding: 0; border-top: 1px solid black; border-right: 2px solid black; border-bottom: 2px solid black; border-left: 1px solid black;"><a class="lytebox robin-thumb" href="http://mositong.com/images/upload/o_1a5o2emjj8pr1fh51egk63c1miti.jpg" data-lyte-options="group:boar"><img style="margin: 0; border: 0; border-radius: 0;" src="http://mositong.com/images/upload/o_1a5o2emjj8pr1fh51egk63c1miti.jpg.thumb.jpg" alt="" /></a></div>\r\n</div>\r\n<div class="row" style="margin-top: 20px;">\r\n<div class="col-md-12">\r\n<div class="caption" style="width:100%; margin:0; border: 3px solid #fff; padding: 8px; box-shadow:0 0 5px 1px #000 inset, 0 0 5px 1px #000; background-size:contain; background-position:bottom center; background-repeat:no-repeat;">\r\n<h3>莫斯通</h3>\r\n<div class="row">\r\n<div class="col-md-12">\r\n<p><span class="glyphicon glyphicon-earphone"></span> <strong>電話: </strong>+7926-045-25-38</p>\r\n</div>\r\n</div>\r\n<div class="row">\r\n<div class="col-md-12">\r\n<p><span class="glyphicon glyphicon-envelope"></span> <strong>電郵: </strong>info@mositong.com</p>\r\n</div>\r\n</div>\r\n<div class="row">\r\n<div class="col-md-12">\r\n<p><span class="glyphicon glyphicon-phone"></span> <strong>微信: </strong>0079260452538</p>\r\n</div>\r\n</div>\r\n<div class="row">\r\n<div class="col-md-12">\r\n<p><span class="glyphicon glyphicon-home"></span> <strong>地址: </strong>Russia, Moscow, Shukhova street 14 (地铁站：Shabolovskaya)</p>\r\n<p><strong>我們的輔導員隨時回答你的問題。</strong></p>\r\n</div>\r\n</div>\r\n</div>\r\n<div class="row" style="margin: 20px 0 20px 0;">\r\n<div class="col-md-2 col-md-offset-5"><button class="btn btn-default" type="button" data-dismiss="modal">關閉</button></div>\r\n<div class="col-md-2 col-md-offset-1"><a class="btn btn-success" href="yuding" type="button" target="_blank">預訂</a></div>\r\n</div>\r\n</div>\r\n</div>\r\n</div>\r\n</div>\r\n</div>\r\n</div>\r\n</div>\r\n</div>\r\n</div>\r\n</div>\r\n</div>\r\n</div>\r\n</div>\r\n</div>\r\n</div>\r\n\r\n<!-- Modal -->\r\n<div class="modal fade contact" id="myModal" tabindex="-1" role="dialog" aria-labelledby="myModalLabel">\r\n  <div class="modal-dialog modal-lg" role="document">\r\n    <div class="modal-content" style="background-image:url(''http://mositong.com/images/upload/o_1a5r9acjs11rfss3k4k1ufm15k6c.png''); background-position: bottom left; background-size: 50%; background-repeat:no-repeat;">\r\n      <div class="modal-header" style="border-bottom:0">\r\n        <button type="button" class="close" data-dismiss="modal" aria-label="Close"><span aria-hidden="true">&times;</span></button>\r\n        <h1 style="font-family: KaiTi; font-weight:bold;" class="modal-title" id="myModalLabel">莫斯通有限公司</h1>\r\n      </div>\r\n      <div class="modal-body">\r\n          <div class="row">\r\n              <div class="col-md-6 modal-in-text">\r\n                    <div class="row">\r\n            <div class="col-md-12">\r\n            <p><span class="glyphicon glyphicon-earphone"></span>&nbsp;&nbsp;<strong>电话: </strong>007926-045-25-38</p>\r\n            </div>\r\n            </div>\r\n            <div class="row">\r\n            <div class="col-md-12">\r\n            <p><span class="glyphicon glyphicon-envelope"></span>&nbsp;&nbsp;<strong>电邮: </strong>info@mositong.com</p>\r\n            </div>\r\n            </div>\r\n            <div class="row">\r\n            <div class="col-md-12">\r\n            <p><span><img style="width:22px; height:22px; margin:0; padding:0; margin-right:5px;" src="http://mositong.com/images/upload/o_1a5nq6oat1cbb3b41c57dl3npk7.png"></span>&nbsp;<strong>微信: </strong>+79260452538</p>\r\n            </div>\r\n            </div>\r\n            <div class="row">\r\n            <div class="col-md-12">\r\n            <p><span class="glyphicon glyphicon-home"></span>&nbsp;&nbsp; <strong>地址: </strong>Russia, Moscow, Shukhova street 14</p>\r\n        </div>\r\n        </div>\r\n        </div>\r\n        <div class="col-md-6">\r\n            <img style="box-shadow:0 1px 4px 2px rgba(0,0,0,0.5);" class="img-thumbnail" src="http://mositong.com/images/upload/o_1a5rdiaeejaek6g161i1r7315l315.png" alt="地图">\r\n        </div>\r\n    </div>\r\n      </div>\r\n      <div class="modal-footer" style="border-top:0;">\r\n        <button type="button" class="btn btn-default" data-dismiss="modal">关闭</button>\r\n      </div>\r\n    </div>\r\n  </div>\r\n</div>\r\n<!-- <div class="pointer"><span class="glyphicon glyphicon-arrow-down"></span></div> -->', '', '', ''),
(5418, 1, 33, 3, '钢铁神经', '钢铁神经', '<div style="margin-bottom: 20px; margin-top:10px;">\r\n<p style="text-align: center;"><a class="btn btn-danger" title="地道俄国" href="didaoeguo" role="button" type="button">地道俄国</a>&nbsp;&nbsp;<a class="btn btn-danger active" role="button" type="button" href="stainlessspirit">钢铁神经</a>&nbsp;&nbsp;<a class="btn btn-danger" role="button" type="button" href="mianjin">闲人免进</a></p>\r\n</div>\r\n\r\n\r\n<!-- Блок районы  -->\r\n\r\n<div class="row">\r\n<div class="col-md-9">\r\n<div class="row">\r\n<div class="col-md-12">\r\n<div class="thumbnail" style="box-shadow: 0 1px 4px 1px rgba(0,0,0,0.5); border-radius: 0;">\r\n<div class="row">\r\n<div class="col-md-4"><a href="#"><img id="neiborhood" src="http://mositong.com/images/upload/o_1a5ddhrbm158u8n1e7h9261u9h7.jpg" alt="莫斯科黑社区" /></a></div>\r\n<div class="col-md-8">\r\n<div>\r\n<p class="main-text">在另一外国家任何城市有些给旅游者不建议参观的区域、街道并地方，这是比较不安全的地方。 因为这些地方都有腥闻，所以对外国人来讲，参观这些地方比较危险，尤其夜里中。 如果您是勇敢的人，想参观住低收入和不守法公民的地方，不喜欢不当地人的地方，乃至有可能目击事件，收到肾上腺素的剂量，我们为你们安排这种有腥闻，给旅游者不建议参观，连莫斯科人也害怕停留的地方的旅行。 整个旅行中高素质，训练有素的保镖会护送你们。安全有保障。</p>\r\n<div style="float: right;">\r\n<p><a class="btn btn-success btn-sm" href="yuding" target="_blank">预订</a> <button class="btn btn-default btn-sm" type="button" data-toggle="modal" data-target=".neiborhood">更多</button></p>\r\n</div>\r\n<div class="clearfix"></div>\r\n</div>\r\n</div>\r\n</div>\r\n</div>\r\n</div>\r\n\r\n<!-- Модальный блок районы -->\r\n\r\n<div class="modal fade neiborhood">\r\n<div class="modal-dialog modal-lg">\r\n<div class="modal-content">\r\n<div class="modal-header"><button class="close" type="button" data-dismiss="modal"><span>&times;</span></button>\r\n<h3 id="myModalLabel" class="modal-title" style="text-align: center;">莫斯科黑社区</h3>\r\n</div>\r\n<div class="modal-body" style="background-image: url(''http://mositong.com/images/upload/o_1a5qsqjuq984er111a3g7l8ia1f.jpg''); background-repeat: no-repeat; background-position: center; background-size:cover;">\r\n<div class="row">\r\n<div class="col-md-12">\r\n<div class="thumbnail" style="background-color: rgba(255, 255, 255, 1);">\r\n<div class="row">\r\n<div class="col-md-12">\r\n<div class="row">\r\n<div class="col-md-7">\r\n<div class="modal-text">\r\n<p>在另一外国家任何城市有些给旅游者不建议参观的区域、街道并地方，这是比较不安全的地方。</p>\r\n<p>因为这些地方都有腥闻，所以对外国人来讲，参观这些地方比较危险，尤其夜里中。</p>\r\n<p>如果您是勇敢的人，想参观住低收入和不守法公民的地方，不喜欢不当地人的地方，乃至有可能目击事件，收到肾上腺素的剂量，我们为你们安排这种有腥闻，给旅游者不建议参观，连莫斯科人也害怕停留的地方的旅行。</p>\r\n<p>整个旅行中高素质，训练有素的保镖会护送你们。安全有保障。</p>\r\n<p>只充满二十一岁的人们在可以参观。</p>\r\n<p>胚孕的女人，善感的人不适合参观这种旅游项目。</p>\r\n<p>在发生不可预知的极端危险的情况中严格按照保镖会的说明。</p>\r\n<p><strong>旅游行程包括：</strong></p>\r\n<ul>\r\n    <li>\r\n        接送服务\r\n    </li>\r\n    <li>\r\n        几个小时旅游\r\n    </li>\r\n    <li>\r\n        参观不建议参观的区域\r\n    </li>\r\n    <li>\r\n        保镖会护送\r\n    </li>\r\n</ul>\r\n</div>\r\n</div>\r\n<div class="col-md-5">\r\n<div class="row">\r\n<div class="col-md-9 col-md-offset-2">\r\n<div class="row ph-1">\r\n<div class="col-md-12" style="padding: 0; border-top: 2px solid black; border-right: 2px solid black; border-bottom: 1px solid black; border-left: 2px solid black;"><img style="margin: 0; width: 100%; height: auto;" src="http://mositong.com/images/upload/o_1a5qs9ar7cr81mhgvn3hrk81bm.jpg" alt="莫斯科黑社区" /></div>\r\n</div>\r\n<div class="row">\r\n<div class="col-md-6" style="padding: 0; border-top: 1px solid black; border-right: 1px solid black; border-bottom: 1px solid black; border-left: 2px solid black;"><a class="lytebox robin-thumb" href="http://mositong.com/images/upload/o_1a5qs9ar71avj1q2jfaf1lq01032o.jpg" data-lyte-options="group:boar"><img style="margin: 0; border: 0; border-radius: 0;" src="http://mositong.com/images/upload/o_1a5qs9ar71avj1q2jfaf1lq01032o.jpg.thumb.jpg" alt="" /></a></div>\r\n<div class="col-md-6" style="padding: 0; border-top: 1px solid black; border-right: 2px solid black; border-bottom: 1px solid black; border-left: 1px solid black;"><a class="lytebox robin-thumb" href="http://mositong.com/images/upload/o_1a5qs9ar711lr1aj874c11d71sn6n.jpg" data-lyte-options="group:boar"><img style="margin: 0; border: 0; border-radius: 0;" src="http://mositong.com/images/upload/o_1a5qs9ar711lr1aj874c11d71sn6n.jpg.thumb.jpg" alt="" /></a></div>\r\n</div>\r\n<div class="row">\r\n<div class="col-md-6" style="padding: 0; border-top: 1px solid black; border-right: 1px solid black; border-bottom: 1px solid black; border-left: 2px solid black;"><a class="lytebox robin-thumb" href="http://mositong.com/images/upload/o_1a5qs9ar7vvccthdikcnggacl.jpg" data-lyte-options="group:boar"><img style="margin: 0; border: 0; border-radius: 0;" src="http://mositong.com/images/upload/o_1a5qs9ar7vvccthdikcnggacl.jpg.thumb.jpg" alt="" /></a></div>\r\n<div class="col-md-6" style="padding: 0; border-top: 1px solid black; border-right: 2px solid black; border-bottom: 1px solid black; border-left: 1px solid black;"><a class="lytebox robin-thumb" href="http://mositong.com/images/upload/o_1a5qs9ar71kj411071ck01k3d1t4ck.jpg" data-lyte-options="group:boar"><img style="margin: 0; border: 0; border-radius: 0;" src="http://mositong.com/images/upload/o_1a5qs9ar71kj411071ck01k3d1t4ck.jpg.thumb.jpg" alt="" /></a></div>\r\n</div>\r\n<div class="row">\r\n<div class="col-md-6" style="padding: 0; border-top: 1px solid black; border-right: 1px solid black; border-bottom: 2px solid black; border-left: 2px solid black;"><a class="lytebox robin-thumb" href="http://mositong.com/images/upload/o_1a5qs9ar71hkuro21s551219dqaj.jpg" data-lyte-options="group:boar"><img style="margin: 0; border: 0; border-radius: 0;" src="http://mositong.com/images/upload/o_1a5qs9ar71hkuro21s551219dqaj.jpg.thumb.jpg" alt="" /></a></div>\r\n<div class="col-md-6" style="padding: 0; border-top: 1px solid black; border-right: 2px solid black; border-bottom: 2px solid black; border-left: 1px solid black;"><a class="lytebox robin-thumb" href="http://mositong.com/images/upload/o_1a5qs9ar774sa1u1h241i1017uji.jpg" data-lyte-options="group:boar"><img style="margin: 0; border: 0; border-radius: 0;" src="http://mositong.com/images/upload/o_1a5qs9ar774sa1u1h241i1017uji.jpg.thumb.jpg" alt="" /></a></div>\r\n</div>\r\n<div class="row" style="margin-top: 20px;">\r\n<div class="col-md-12">\r\n<div class="caption" style="border: 1px dashed #ccc; padding: 5px;">\r\n<h3>莫斯通</h3>\r\n<div class="row">\r\n<div class="col-md-12">\r\n<p><span class="glyphicon glyphicon-earphone"></span> <strong>电话: </strong>+7926-045-25-38</p>\r\n</div>\r\n</div>\r\n<div class="row">\r\n<div class="col-md-12">\r\n<p><span class="glyphicon glyphicon-envelope"></span> <strong>电邮: </strong>info@mositong.com</p>\r\n</div>\r\n</div>\r\n<div class="row">\r\n<div class="col-md-12">\r\n<p><span class="glyphicon glyphicon-phone"></span> <strong>微信: </strong>+79260452538</p>\r\n</div>\r\n</div>\r\n<div class="row">\r\n<div class="col-md-12">\r\n<p><span class="glyphicon glyphicon-home"></span> <strong>地址: </strong>Russia, Moscow, Shukhova street 14</p>\r\n<p><strong>我们的辅导员随时回答你的问题。</strong></p>\r\n</div>\r\n</div>\r\n</div>\r\n<div class="row" style="margin: 20px 0 20px 0;">\r\n<div class="col-md-2 col-md-offset-5"><button class="btn btn-default" type="button" data-dismiss="modal">关闭</button></div>\r\n<div class="col-md-2 col-md-offset-1"><a class="btn btn-success" href="yuding" type="button" target="_blank">预订</a></div>\r\n</div>\r\n</div>\r\n</div>\r\n</div>\r\n</div>\r\n</div>\r\n</div>\r\n</div>\r\n</div>\r\n</div>\r\n</div>\r\n</div>\r\n</div>\r\n</div>\r\n</div>\r\n</div>\r\n</div>\r\n</div>\r\n</div>\r\n\r\n<!-- Modal -->\r\n<div class="modal fade contact" id="myModal" tabindex="-1" role="dialog" aria-labelledby="myModalLabel">\r\n  <div class="modal-dialog modal-lg" role="document">\r\n    <div class="modal-content" style="background-image:url(''http://mositong.com/images/upload/o_1a5r9acjs11rfss3k4k1ufm15k6c.png''); background-position: bottom left; background-size: 50%; background-repeat:no-repeat;">\r\n      <div class="modal-header" style="border-bottom:0">\r\n        <button type="button" class="close" data-dismiss="modal" aria-label="Close"><span aria-hidden="true">&times;</span></button>\r\n        <h1 style="font-family: KaiTi; font-weight:bold;" class="modal-title" id="myModalLabel">莫斯通有限公司</h1>\r\n      </div>\r\n      <div class="modal-body">\r\n          <div class="row">\r\n              <div class="col-md-6 modal-in-text">\r\n                    <div class="row">\r\n            <div class="col-md-12">\r\n            <p><span class="glyphicon glyphicon-earphone"></span>&nbsp;&nbsp;<strong>电话: </strong>007926-045-25-38</p>\r\n            </div>\r\n            </div>\r\n            <div class="row">\r\n            <div class="col-md-12">\r\n            <p><span class="glyphicon glyphicon-envelope"></span>&nbsp;&nbsp;<strong>电邮: </strong>info@mositong.com</p>\r\n            </div>\r\n            </div>\r\n            <div class="row">\r\n            <div class="col-md-12">\r\n            <p><span><img style="width:22px; height:22px; margin:0; padding:0; margin-right:5px;" src="http://mositong.com/images/upload/o_1a5nq6oat1cbb3b41c57dl3npk7.png"></span>&nbsp;<strong>微信: </strong>+79260452538</p>\r\n            </div>\r\n            </div>\r\n            <div class="row">\r\n            <div class="col-md-12">\r\n            <p><span class="glyphicon glyphicon-home"></span>&nbsp;&nbsp; <strong>地址: </strong>Russia, Moscow, Shukhova street 14</p>\r\n        </div>\r\n        </div>\r\n        </div>\r\n        <div class="col-md-6">\r\n            <img style="box-shadow:0 1px 4px 2px rgba(0,0,0,0.5);" class="img-thumbnail" src="http://mositong.com/images/upload/o_1a5rdiaeejaek6g161i1r7315l315.png" alt="地图">\r\n        </div>\r\n    </div>\r\n      </div>\r\n      <div class="modal-footer" style="border-top:0;">\r\n        <button type="button" class="btn btn-default" data-dismiss="modal">关闭</button>\r\n      </div>\r\n    </div>\r\n  </div>\r\n</div>\r\n<!-- <div class="pointer"><span class="glyphicon glyphicon-arrow-down"></span></div> -->', '', '', '')